timestamp,station,soil_moisture_1,soil_moisture_2,air_temp,humidity,soil_temp,light_lux
2026-08-23 16:00:00,SYNTHETIC_farm,3136.0,3216.0,34.8,27.0,25.689,3474.9
2026-08-23 16:30:00,SYNTHETIC_farm,3142.0,3227.0,34.5,26.5,25.654,2074.8
2026-08-23 17:00:00,SYNTHETIC_farm,3140.0,3221.0,34.2,26.0,25.619,1898.6
2026-08-23 17:30:00,SYNTHETIC_farm,3133.0,3231.0,33.9,27.5,25.585,861.5
2026-08-23 18:00:00,SYNTHETIC_farm,3137.0,3210.0,33.7,29.0,25.552,0.0
2026-08-23 18:30:00,SYNTHETIC_farm,3144.0,3239.0,30.4,44.5,25.404,0.0
2026-08-23 19:00:00,SYNTHETIC_farm,3132.0,3207.0,27.2,60.0,25.191,0.0
2026-08-23 19:30:00,SYNTHETIC_farm,3129.0,3201.0,24.7,68.5,24.961,0.0
2026-08-23 20:00:00,SYNTHETIC_farm,3123.0,3197.0,22.3,77.0,24.598,0.0
2026-08-23 20:30:00,SYNTHETIC_farm,3146.0,3238.0,21.5,78.0,24.22,0.0
2026-08-23 21:00:00,SYNTHETIC_farm,3149.0,3222.0,20.7,79.0,23.827,0.0
2026-08-23 21:30:00,SYNTHETIC_farm,3146.0,3210.0,20.2,78.0,23.429,0.0
2026-08-23 22:00:00,SYNTHETIC_farm,3153.0,3225.0,19.7,77.0,23.026,0.0
2026-08-23 22:30:00,SYNTHETIC_farm,3143.0,3220.0,19.4,77.5,22.708,0.0
2026-08-23 23:00:00,SYNTHETIC_farm,3146.0,3234.0,19.2,78.0,22.477,0.0
2026-08-23 23:30:00,SYNTHETIC_farm,3144.0,3193.0,18.6,80.5,22.299,0.0
2026-08-24 00:00:00,SYNTHETIC_farm,3141.0,3209.0,18.0,83.0,22.175,0.0
2026-08-24 00:30:00,SYNTHETIC_farm,3137.0,3209.0,17.5,84.5,22.06,0.0
2026-08-24 01:00:00,SYNTHETIC_farm,3175.0,3195.0,16.9,86.0,21.952,0.0
2026-08-24 01:30:00,SYNTHETIC_farm,3143.0,3231.0,16.8,86.0,21.853,0.0
2026-08-24 02:00:00,SYNTHETIC_farm,3140.0,3216.0,16.6,86.0,21.763,0.0
2026-08-24 02:30:00,SYNTHETIC_farm,3155.0,3228.0,17.3,77.5,21.701,0.0
2026-08-24 03:00:00,SYNTHETIC_farm,3154.0,3248.0,18.0,69.0,21.667,0.0
2026-08-24 03:30:00,SYNTHETIC_farm,3133.0,3217.0,17.3,73.5,21.63,0.0
2026-08-24 04:00:00,SYNTHETIC_farm,3165.0,3217.0,16.6,78.0,21.59,0.0
2026-08-24 04:30:00,SYNTHETIC_farm,3151.0,3224.0,16.4,78.0,21.559,0.0
2026-08-24 05:00:00,SYNTHETIC_farm,3138.0,3234.0,16.2,78.0,21.539,0.0
2026-08-24 05:30:00,SYNTHETIC_farm,3167.0,3215.0,15.7,81.5,21.508,0.0
2026-08-24 06:00:00,SYNTHETIC_farm,3159.0,3214.0,15.2,85.0,21.468,0.0
2026-08-24 06:30:00,SYNTHETIC_farm,3136.0,3234.0,16.7,78.0,21.451,853.0
2026-08-24 07:00:00,SYNTHETIC_farm,3175.0,3226.0,18.2,71.0,21.457,1764.3
2026-08-24 07:30:00,SYNTHETIC_farm,3161.0,3199.0,19.4,68.0,21.518,2997.3
2026-08-24 08:00:00,SYNTHETIC_farm,3153.0,3210.0,20.6,65.0,21.634,2453.1
2026-08-24 08:30:00,SYNTHETIC_farm,3173.0,3240.0,21.8,62.5,21.789,3110.6
2026-08-24 09:00:00,SYNTHETIC_farm,3156.0,3229.0,22.9,60.0,21.984,3932.6
2026-08-24 09:30:00,SYNTHETIC_farm,3154.0,3216.0,24.0,57.5,22.223,3399.0
2026-08-24 10:00:00,SYNTHETIC_farm,3144.0,3221.0,25.0,55.0,22.506,3475.1
2026-08-24 10:30:00,SYNTHETIC_farm,3163.0,3226.0,26.2,51.5,22.781,5164.1
2026-08-24 11:00:00,SYNTHETIC_farm,3161.0,3233.0,27.4,48.0,23.048,4303.2
2026-08-24 11:30:00,SYNTHETIC_farm,3152.0,3207.0,28.6,46.0,23.313,6419.4
2026-08-24 12:00:00,SYNTHETIC_farm,3140.0,3211.0,29.7,44.0,23.577,5413.8
2026-08-24 12:30:00,SYNTHETIC_farm,3151.0,3222.0,30.4,40.0,23.827,7155.8
2026-08-24 13:00:00,SYNTHETIC_farm,3148.0,3218.0,31.2,36.0,24.065,6388.3
2026-08-24 13:30:00,SYNTHETIC_farm,3132.0,3226.0,31.9,34.5,24.294,4475.9
2026-08-24 14:00:00,SYNTHETIC_farm,3130.0,3205.0,32.6,33.0,24.515,6248.9
2026-08-24 14:30:00,SYNTHETIC_farm,3157.0,3224.0,33.1,31.0,24.715,5625.1
2026-08-24 15:00:00,SYNTHETIC_farm,3117.0,3233.0,33.7,29.0,24.895,3668.0
2026-08-24 15:30:00,SYNTHETIC_farm,3153.0,3226.0,33.7,28.0,25.044,2882.6
2026-08-24 16:00:00,SYNTHETIC_farm,3145.0,3223.0,33.8,27.0,25.161,3266.3
2026-08-24 16:30:00,SYNTHETIC_farm,3169.0,3221.0,33.7,27.0,25.256,1552.8
2026-08-24 17:00:00,SYNTHETIC_farm,3143.0,3210.0,33.7,27.0,25.328,1121.2
2026-08-24 17:30:00,SYNTHETIC_farm,3157.0,3218.0,32.9,30.0,25.359,450.8
2026-08-24 18:00:00,SYNTHETIC_farm,3140.0,3230.0,32.2,33.0,25.348,0.0
2026-08-24 18:30:00,SYNTHETIC_farm,3147.0,3214.0,29.9,39.0,25.254,0.0
2026-08-24 19:00:00,SYNTHETIC_farm,3155.0,3206.0,27.6,45.0,25.077,0.0
2026-08-24 19:30:00,SYNTHETIC_farm,3141.0,3212.0,25.1,52.0,24.827,0.0
2026-08-24 20:00:00,SYNTHETIC_farm,3162.0,3222.0,22.6,59.0,24.503,0.0
2026-08-24 20:30:00,SYNTHETIC_farm,3137.0,3215.0,21.2,65.0,24.142,0.0
2026-08-24 21:00:00,SYNTHETIC_farm,3152.0,3224.0,19.8,71.0,23.741,0.0
2026-08-24 21:30:00,SYNTHETIC_farm,3161.0,3226.0,20.0,68.0,23.368,0.0
2026-08-24 22:00:00,SYNTHETIC_farm,3157.0,3229.0,20.2,65.0,23.02,0.0
2026-08-24 22:30:00,SYNTHETIC_farm,3173.0,3235.0,19.2,69.5,22.711,0.0
2026-08-24 23:00:00,SYNTHETIC_farm,3140.0,3232.0,18.2,74.0,22.439,0.0
2026-08-24 23:30:00,SYNTHETIC_farm,3132.0,3209.0,17.3,79.5,22.215,0.0
2026-08-25 00:00:00,SYNTHETIC_farm,3138.0,3211.0,16.5,85.0,22.038,0.0
2026-08-25 00:30:00,SYNTHETIC_farm,3160.0,3221.0,16.5,81.0,21.902,0.0
2026-08-25 01:00:00,SYNTHETIC_farm,3157.0,3216.0,16.6,77.0,21.807,0.0
2026-08-25 01:30:00,SYNTHETIC_farm,3153.0,3209.0,16.3,77.0,21.7,0.0
2026-08-25 02:00:00,SYNTHETIC_farm,3139.0,3218.0,16.1,77.0,21.581,0.0
2026-08-25 02:30:00,SYNTHETIC_farm,3163.0,3218.0,15.7,81.0,21.48,0.0
2026-08-25 03:00:00,SYNTHETIC_farm,3136.0,3215.0,15.3,85.0,21.396,0.0
2026-08-25 03:30:00,SYNTHETIC_farm,3166.0,3218.0,14.8,88.0,21.322,0.0
2026-08-25 04:00:00,SYNTHETIC_farm,3187.0,3234.0,14.2,91.0,21.256,0.0
2026-08-25 04:30:00,SYNTHETIC_farm,3156.0,3224.0,14.0,92.5,21.182,0.0
2026-08-25 05:00:00,SYNTHETIC_farm,3157.0,3248.0,13.7,94.0,21.1,0.0
2026-08-25 05:30:00,SYNTHETIC_farm,3144.0,3223.0,14.4,90.0,21.045,0.0
2026-08-25 06:00:00,SYNTHETIC_farm,3125.0,3216.0,15.2,86.0,21.018,0.0
2026-08-25 06:30:00,SYNTHETIC_farm,3141.0,3219.0,15.9,84.5,21.022,840.4
2026-08-25 07:00:00,SYNTHETIC_farm,3135.0,3222.0,16.6,83.0,21.059,1542.7
2026-08-25 07:30:00,SYNTHETIC_farm,3134.0,3228.0,17.2,81.0,21.13,2676.9
2026-08-25 08:00:00,SYNTHETIC_farm,3172.0,3244.0,17.8,79.0,21.235,3224.9
2026-08-25 08:30:00,SYNTHETIC_farm,3156.0,3213.0,19.0,75.0,21.38,3210.3
2026-08-25 09:00:00,SYNTHETIC_farm,3158.0,3233.0,20.2,71.0,21.567,5043.4
2026-08-25 09:30:00,SYNTHETIC_farm,3150.0,3226.0,21.6,65.0,21.775,3317.6
2026-08-25 10:00:00,SYNTHETIC_farm,3152.0,3206.0,23.1,59.0,22.005,3051.7
2026-08-25 10:30:00,SYNTHETIC_farm,3167.0,3234.0,24.8,54.5,22.263,3539.3
2026-08-25 11:00:00,SYNTHETIC_farm,3154.0,3239.0,26.4,50.0,22.549,6485.6
2026-08-25 11:30:00,SYNTHETIC_farm,3163.0,3217.0,27.6,47.0,22.851,5479.3
2026-08-25 12:00:00,SYNTHETIC_farm,3153.0,3226.0,28.8,44.0,23.167,4155.7
2026-08-25 12:30:00,SYNTHETIC_farm,3153.0,3208.0,29.7,41.5,23.477,5656.4
2026-08-25 13:00:00,SYNTHETIC_farm,3139.0,3213.0,30.6,39.0,23.779,3974.6
2026-08-25 13:30:00,SYNTHETIC_farm,3131.0,3239.0,31.6,36.0,24.066,6093.6
2026-08-25 14:00:00,SYNTHETIC_farm,3152.0,3220.0,32.5,33.0,24.338,4724.0
2026-08-25 14:30:00,SYNTHETIC_farm,3157.0,3214.0,33.0,31.0,24.575,4092.0
2026-08-25 15:00:00,SYNTHETIC_farm,3142.0,3231.0,33.4,29.0,24.778,3390.7
2026-08-25 15:30:00,SYNTHETIC_farm,3158.0,3222.0,33.8,26.5,24.957,3831.9
2026-08-25 16:00:00,SYNTHETIC_farm,3159.0,3223.0,34.2,24.0,25.113,2535.1
2026-08-25 16:30:00,SYNTHETIC_farm,3129.0,3235.0,33.8,25.0,25.233,1461.8
2026-08-25 17:00:00,SYNTHETIC_farm,3144.0,3213.0,33.5,26.0,25.316,1024.5
2026-08-25 17:30:00,SYNTHETIC_farm,3159.0,3214.0,32.8,26.5,25.352,1019.0
2026-08-25 18:00:00,SYNTHETIC_farm,3157.0,3224.0,32.1,27.0,25.339,0.0
2026-08-25 18:30:00,SYNTHETIC_farm,3138.0,3234.0,29.8,34.0,25.246,0.0
2026-08-25 19:00:00,SYNTHETIC_farm,3157.0,3239.0,27.5,41.0,25.074,0.0
2026-08-25 19:30:00,SYNTHETIC_farm,3172.0,3222.0,25.0,48.5,24.82,0.0
2026-08-25 20:00:00,SYNTHETIC_farm,3168.0,3239.0,22.6,56.0,24.484,0.0
2026-08-25 20:30:00,SYNTHETIC_farm,3159.0,3222.0,21.4,60.0,24.125,0.0
2026-08-25 21:00:00,SYNTHETIC_farm,3155.0,3252.0,20.3,64.0,23.742,0.0
2026-08-25 21:30:00,SYNTHETIC_farm,3153.0,3218.0,19.4,69.0,23.356,0.0
2026-08-25 22:00:00,SYNTHETIC_farm,3167.0,3247.0,18.6,74.0,22.967,0.0
2026-08-25 22:30:00,SYNTHETIC_farm,3164.0,3224.0,18.8,71.0,22.648,0.0
2026-08-25 23:00:00,SYNTHETIC_farm,3170.0,3255.0,18.9,68.0,22.399,0.0
2026-08-25 23:30:00,SYNTHETIC_farm,3163.0,3238.0,19.0,65.0,22.224,0.0
2026-08-26 00:00:00,SYNTHETIC_farm,3170.0,3218.0,19.1,62.0,22.125,0.0
2026-08-26 00:30:00,SYNTHETIC_farm,3158.0,3221.0,18.8,62.0,22.049,0.0
2026-08-26 01:00:00,SYNTHETIC_farm,3168.0,3237.0,18.5,62.0,21.998,0.0
2026-08-26 01:30:00,SYNTHETIC_farm,3169.0,3240.0,17.6,67.5,21.945,0.0
2026-08-26 02:00:00,SYNTHETIC_farm,3146.0,3226.0,16.7,73.0,21.89,0.0
2026-08-26 02:30:00,SYNTHETIC_farm,3134.0,3228.0,15.8,79.5,21.803,0.0
2026-08-26 03:00:00,SYNTHETIC_farm,3178.0,3237.0,14.8,86.0,21.684,0.0
2026-08-26 03:30:00,SYNTHETIC_farm,3162.0,3230.0,14.6,85.5,21.558,0.0
2026-08-26 04:00:00,SYNTHETIC_farm,3135.0,3213.0,14.5,85.0,21.424,0.0
2026-08-26 04:30:00,SYNTHETIC_farm,3150.0,3220.0,14.4,86.0,21.296,0.0
2026-08-26 05:00:00,SYNTHETIC_farm,3172.0,3235.0,14.2,87.0,21.172,0.0
2026-08-26 05:30:00,SYNTHETIC_farm,3159.0,3247.0,14.1,88.5,21.07,0.0
2026-08-26 06:00:00,SYNTHETIC_farm,3158.0,3253.0,13.9,90.0,20.989,0.0
2026-08-26 06:30:00,SYNTHETIC_farm,3184.0,3245.0,15.6,84.5,20.986,740.5
2026-08-26 07:00:00,SYNTHETIC_farm,3154.0,3241.0,17.3,79.0,21.06,1274.6
2026-08-26 07:30:00,SYNTHETIC_farm,3158.0,3248.0,19.6,67.5,21.205,1561.1
2026-08-26 08:00:00,SYNTHETIC_farm,3172.0,3232.0,21.9,56.0,21.42,1945.9
2026-08-26 08:30:00,SYNTHETIC_farm,3176.0,3239.0,23.4,50.0,21.683,3713.5
2026-08-26 09:00:00,SYNTHETIC_farm,3175.0,3230.0,24.9,44.0,21.994,2968.6
2026-08-26 09:30:00,SYNTHETIC_farm,3182.0,3226.0,26.1,41.5,22.34,6060.5
2026-08-26 10:00:00,SYNTHETIC_farm,3171.0,3242.0,27.2,39.0,22.723,5256.8
2026-08-26 10:30:00,SYNTHETIC_farm,3173.0,3239.0,28.1,38.0,23.085,4621.3
2026-08-26 11:00:00,SYNTHETIC_farm,3166.0,3247.0,29.1,37.0,23.425,5906.6
2026-08-26 11:30:00,SYNTHETIC_farm,3171.0,3247.0,29.9,35.5,23.722,3494.1
2026-08-26 12:00:00,SYNTHETIC_farm,3174.0,3246.0,30.7,34.0,23.974,7791.6
2026-08-26 12:30:00,SYNTHETIC_farm,3175.0,3249.0,31.4,32.0,24.204,5571.6
2026-08-26 13:00:00,SYNTHETIC_farm,3180.0,3240.0,32.1,30.0,24.409,6751.6
2026-08-26 13:30:00,SYNTHETIC_farm,3177.0,3245.0,32.7,28.0,24.602,3508.4
2026-08-26 14:00:00,SYNTHETIC_farm,3171.0,3233.0,33.4,26.0,24.782,4884.0
2026-08-26 14:30:00,SYNTHETIC_farm,3160.0,3245.0,34.1,23.5,24.954,4488.8
2026-08-26 15:00:00,SYNTHETIC_farm,3173.0,3250.0,34.7,21.0,25.116,5442.6
2026-08-26 15:30:00,SYNTHETIC_farm,3172.0,3235.0,34.9,20.0,25.262,3669.3
2026-08-26 16:00:00,SYNTHETIC_farm,3175.0,3243.0,35.1,19.0,25.39,2789.8
2026-08-26 16:30:00,SYNTHETIC_farm,3199.0,3234.0,35.0,19.5,25.495,1774.8
2026-08-26 17:00:00,SYNTHETIC_farm,3165.0,3236.0,34.8,20.0,25.575,1276.6
2026-08-26 17:30:00,SYNTHETIC_farm,3177.0,3229.0,34.1,22.5,25.614,756.4
2026-08-26 18:00:00,SYNTHETIC_farm,3184.0,3255.0,33.3,25.0,25.61,0.0
2026-08-26 18:30:00,SYNTHETIC_farm,3172.0,3253.0,30.4,34.5,25.506,0.0
2026-08-26 19:00:00,SYNTHETIC_farm,3200.0,3247.0,27.6,44.0,25.3,0.0
2026-08-26 19:30:00,SYNTHETIC_farm,3165.0,3263.0,24.7,52.5,25.004,0.0
2026-08-26 20:00:00,SYNTHETIC_farm,3177.0,3241.0,21.8,61.0,24.618,0.0
2026-08-26 20:30:00,SYNTHETIC_farm,3162.0,3277.0,21.1,62.5,24.216,0.0
2026-08-26 21:00:00,SYNTHETIC_farm,3168.0,3240.0,20.4,64.0,23.798,0.0
2026-08-26 21:30:00,SYNTHETIC_farm,3172.0,3242.0,19.2,67.5,23.368,0.0
2026-08-26 22:00:00,SYNTHETIC_farm,3179.0,3234.0,17.9,71.0,22.924,0.0
2026-08-26 22:30:00,SYNTHETIC_farm,3172.0,3242.0,17.3,75.0,22.543,0.0
2026-08-26 23:00:00,SYNTHETIC_farm,3183.0,3246.0,16.7,79.0,22.227,0.0
2026-08-26 23:30:00,SYNTHETIC_farm,3167.0,3238.0,16.2,83.0,21.98,0.0
2026-08-27 00:00:00,SYNTHETIC_farm,3164.0,3259.0,15.7,87.0,21.803,0.0
2026-08-27 00:30:00,SYNTHETIC_farm,3205.0,3243.0,15.3,87.5,21.636,0.0
2026-08-27 01:00:00,SYNTHETIC_farm,3176.0,3244.0,14.9,88.0,21.478,0.0
2026-08-27 01:30:00,SYNTHETIC_farm,3162.0,3231.0,14.8,88.0,21.351,0.0
2026-08-27 02:00:00,SYNTHETIC_farm,3162.0,3246.0,14.6,88.0,21.255,0.0
2026-08-27 02:30:00,SYNTHETIC_farm,3159.0,3240.0,14.5,90.0,21.173,0.0
2026-08-27 03:00:00,SYNTHETIC_farm,3185.0,3237.0,14.3,92.0,21.105,0.0
2026-08-27 03:30:00,SYNTHETIC_farm,3165.0,3231.0,14.2,92.5,21.049,0.0
2026-08-27 04:00:00,SYNTHETIC_farm,3169.0,3268.0,14.1,93.0,21.004,0.0
2026-08-27 04:30:00,SYNTHETIC_farm,3165.0,3234.0,14.1,93.0,20.969,0.0
2026-08-27 05:00:00,SYNTHETIC_farm,3176.0,3220.0,14.1,93.0,20.945,0.0
2026-08-27 05:30:00,SYNTHETIC_farm,3157.0,3230.0,14.1,93.5,20.926,0.0
2026-08-27 06:00:00,SYNTHETIC_farm,3154.0,3238.0,14.1,94.0,20.911,0.0
2026-08-27 06:30:00,SYNTHETIC_farm,3171.0,3244.0,15.9,90.0,20.952,1003.6
2026-08-27 07:00:00,SYNTHETIC_farm,3177.0,3246.0,17.7,86.0,21.049,1079.5
2026-08-27 07:30:00,SYNTHETIC_farm,3175.0,3249.0,20.2,73.5,21.223,1387.2
2026-08-27 08:00:00,SYNTHETIC_farm,3161.0,3234.0,22.8,61.0,21.476,2702.2
2026-08-27 08:30:00,SYNTHETIC_farm,3181.0,3247.0,24.1,56.5,21.764,4837.1
2026-08-27 09:00:00,SYNTHETIC_farm,3164.0,3234.0,25.3,52.0,22.089,5293.8
2026-08-27 09:30:00,SYNTHETIC_farm,3166.0,3236.0,26.4,49.5,22.446,5421.9
2026-08-27 10:00:00,SYNTHETIC_farm,3161.0,3233.0,27.6,47.0,22.835,6480.1
2026-08-27 10:30:00,SYNTHETIC_farm,3190.0,3231.0,28.5,45.0,23.201,6924.1
2026-08-27 11:00:00,SYNTHETIC_farm,3182.0,3256.0,29.5,43.0,23.544,5589.2
2026-08-27 11:30:00,SYNTHETIC_farm,3184.0,3254.0,30.0,42.0,23.827,4819.4
2026-08-27 12:00:00,SYNTHETIC_farm,3188.0,3254.0,30.6,41.0,24.05,6940.9
2026-08-27 12:30:00,SYNTHETIC_farm,3206.0,3241.0,31.1,39.0,24.252,6382.6
2026-08-27 13:00:00,SYNTHETIC_farm,3147.0,3248.0,31.6,37.0,24.432,4949.6
2026-08-27 13:30:00,SYNTHETIC_farm,3159.0,3218.0,31.4,38.5,24.575,3557.9
2026-08-27 14:00:00,SYNTHETIC_farm,3160.0,3248.0,31.2,40.0,24.681,5911.4
2026-08-27 14:30:00,SYNTHETIC_farm,3155.0,3238.0,31.4,40.0,24.765,3663.0
2026-08-27 15:00:00,SYNTHETIC_farm,3150.0,3242.0,31.6,40.0,24.826,5439.4
2026-08-27 15:30:00,SYNTHETIC_farm,3159.0,3238.0,31.4,41.5,24.864,2751.1
2026-08-27 16:00:00,SYNTHETIC_farm,3151.0,3226.0,31.1,43.0,24.881,1990.0
2026-08-27 16:30:00,SYNTHETIC_farm,3174.0,3223.0,30.9,45.0,24.877,2759.3
2026-08-27 17:00:00,SYNTHETIC_farm,3170.0,3231.0,30.8,47.0,24.855,1066.1
2026-08-27 17:30:00,SYNTHETIC_farm,3175.0,3245.0,29.7,51.0,24.806,553.1
2026-08-27 18:00:00,SYNTHETIC_farm,3173.0,3245.0,28.6,55.0,24.73,0.0
2026-08-27 18:30:00,SYNTHETIC_farm,3172.0,3219.0,26.9,63.5,24.598,0.0
2026-08-27 19:00:00,SYNTHETIC_farm,3159.0,3223.0,25.1,72.0,24.41,0.0
2026-08-27 19:30:00,SYNTHETIC_farm,3190.0,3224.0,24.1,77.0,24.199,0.0
2026-08-27 20:00:00,SYNTHETIC_farm,3165.0,3229.0,23.0,82.0,23.964,0.0
2026-08-27 20:30:00,SYNTHETIC_farm,3136.0,3215.0,22.5,83.0,23.72,0.0
2026-08-27 21:00:00,SYNTHETIC_farm,3146.0,3213.0,22.1,84.0,23.468,0.0
2026-08-27 21:30:00,SYNTHETIC_farm,3137.0,3220.0,22.2,78.0,23.251,0.0
2026-08-27 22:00:00,SYNTHETIC_farm,3160.0,3231.0,22.3,72.0,23.069,0.0
2026-08-27 22:30:00,SYNTHETIC_farm,3159.0,3217.0,21.5,69.5,22.915,0.0
2026-08-27 23:00:00,SYNTHETIC_farm,3153.0,3227.0,20.7,67.0,22.788,0.0
2026-08-27 23:30:00,SYNTHETIC_farm,3186.0,3242.0,19.8,75.0,22.666,0.0
2026-08-28 00:00:00,SYNTHETIC_farm,3166.0,3214.0,18.9,83.0,22.548,0.0
2026-08-28 00:30:00,SYNTHETIC_farm,3169.0,3228.0,18.7,83.5,22.437,0.0
2026-08-28 01:00:00,SYNTHETIC_farm,3148.0,3242.0,18.4,84.0,22.33,0.0
2026-08-28 01:30:00,SYNTHETIC_farm,3145.0,3223.0,18.2,84.5,22.214,0.0
2026-08-28 02:00:00,SYNTHETIC_farm,3158.0,3221.0,17.9,85.0,22.087,0.0
2026-08-28 02:30:00,SYNTHETIC_farm,3160.0,3241.0,17.8,84.0,21.98,0.0
2026-08-28 03:00:00,SYNTHETIC_farm,3135.0,3226.0,17.7,83.0,21.893,0.0
2026-08-28 03:30:00,SYNTHETIC_farm,3156.0,3242.0,17.8,83.5,21.833,0.0
2026-08-28 04:00:00,SYNTHETIC_farm,3161.0,3236.0,17.8,84.0,21.799,0.0
2026-08-28 04:30:00,SYNTHETIC_farm,3160.0,3229.0,17.9,81.0,21.777,0.0
2026-08-28 05:00:00,SYNTHETIC_farm,3152.0,3238.0,18.0,78.0,21.765,0.0
2026-08-28 05:30:00,SYNTHETIC_farm,3157.0,3237.0,18.0,79.0,21.76,0.0
2026-08-28 06:00:00,SYNTHETIC_farm,3164.0,3248.0,18.0,80.0,21.762,0.0
2026-08-28 06:30:00,SYNTHETIC_farm,3171.0,3234.0,18.4,79.0,21.779,737.3
2026-08-28 07:00:00,SYNTHETIC_farm,3175.0,3238.0,18.8,78.0,21.811,1667.6
2026-08-28 07:30:00,SYNTHETIC_farm,3180.0,3236.0,18.6,83.5,21.837,2976.6
2026-08-28 08:00:00,SYNTHETIC_farm,3165.0,3247.0,18.4,89.0,21.856,2363.3
2026-08-28 08:30:00,SYNTHETIC_farm,3161.0,3226.0,18.8,89.0,21.883,4649.5
2026-08-28 09:00:00,SYNTHETIC_farm,3171.0,3247.0,19.2,89.0,21.916,2498.6
2026-08-28 09:30:00,SYNTHETIC_farm,3172.0,3240.0,20.4,84.5,21.986,4722.1
2026-08-28 10:00:00,SYNTHETIC_farm,3160.0,3221.0,21.6,80.0,22.09,5465.8
2026-08-28 10:30:00,SYNTHETIC_farm,3175.0,3249.0,23.5,69.0,22.238,3606.1
2026-08-28 11:00:00,SYNTHETIC_farm,3177.0,3260.0,25.4,58.0,22.429,3921.9
2026-08-28 11:30:00,SYNTHETIC_farm,3180.0,3245.0,26.6,51.0,22.661,5285.9
2026-08-28 12:00:00,SYNTHETIC_farm,3185.0,3249.0,27.8,44.0,22.933,7826.6
2026-08-28 12:30:00,SYNTHETIC_farm,3150.0,3232.0,27.8,42.5,23.191,6085.9
2026-08-28 13:00:00,SYNTHETIC_farm,3165.0,3216.0,27.7,41.0,23.437,7413.6
2026-08-28 13:30:00,SYNTHETIC_farm,3165.0,3214.0,28.4,39.0,23.668,6548.8
2026-08-28 14:00:00,SYNTHETIC_farm,3165.0,3240.0,29.1,37.0,23.884,4807.9
2026-08-28 14:30:00,SYNTHETIC_farm,3157.0,3229.0,29.7,34.5,24.061,5552.7
2026-08-28 15:00:00,SYNTHETIC_farm,3146.0,3225.0,30.3,32.0,24.201,2476.0
2026-08-28 15:30:00,SYNTHETIC_farm,3166.0,3234.0,29.9,31.0,24.296,2385.1
2026-08-28 16:00:00,SYNTHETIC_farm,3151.0,3238.0,29.6,30.0,24.346,3601.3
2026-08-28 16:30:00,SYNTHETIC_farm,3160.0,3212.0,28.6,29.0,24.372,2699.4
2026-08-28 17:00:00,SYNTHETIC_farm,3146.0,3221.0,27.7,28.0,24.373,1159.8
2026-08-28 17:30:00,SYNTHETIC_farm,3138.0,3240.0,27.1,29.0,24.337,762.4
2026-08-28 18:00:00,SYNTHETIC_farm,3154.0,3209.0,26.5,30.0,24.263,0.0
2026-08-28 18:30:00,SYNTHETIC_farm,3155.0,3233.0,24.3,36.0,24.109,0.0
2026-08-28 19:00:00,SYNTHETIC_farm,3160.0,3218.0,22.2,42.0,23.874,0.0
2026-08-28 19:30:00,SYNTHETIC_farm,3183.0,3231.0,20.3,53.5,23.596,0.0
2026-08-28 20:00:00,SYNTHETIC_farm,3159.0,3238.0,18.4,65.0,23.274,0.0
2026-08-28 20:30:00,SYNTHETIC_farm,3163.0,3235.0,17.3,70.5,22.945,0.0
2026-08-28 21:00:00,SYNTHETIC_farm,3142.0,3236.0,16.1,76.0,22.609,0.0
2026-08-28 21:30:00,SYNTHETIC_farm,3140.0,3214.0,15.7,79.0,22.278,0.0
2026-08-28 22:00:00,SYNTHETIC_farm,3178.0,3240.0,15.2,82.0,21.952,0.0
2026-08-28 22:30:00,SYNTHETIC_farm,3145.0,3217.0,15.0,83.5,21.682,0.0
2026-08-28 23:00:00,SYNTHETIC_farm,3144.0,3231.0,14.8,85.0,21.468,0.0
2026-08-28 23:30:00,SYNTHETIC_farm,3158.0,3232.0,14.6,87.0,21.302,0.0
2026-08-29 00:00:00,SYNTHETIC_farm,3157.0,3233.0,14.4,89.0,21.185,0.0
2026-08-29 00:30:00,SYNTHETIC_farm,3144.0,3230.0,14.2,90.5,21.095,0.0
2026-08-29 01:00:00,SYNTHETIC_farm,3150.0,3215.0,13.9,92.0,21.032,0.0
2026-08-29 01:30:00,SYNTHETIC_farm,3170.0,3210.0,13.6,93.0,20.973,0.0
2026-08-29 02:00:00,SYNTHETIC_farm,3145.0,3235.0,13.3,94.0,20.916,0.0
2026-08-29 02:30:00,SYNTHETIC_farm,3136.0,3226.0,13.0,94.5,20.859,0.0
2026-08-29 03:00:00,SYNTHETIC_farm,3166.0,3237.0,12.8,95.0,20.801,0.0
2026-08-29 03:30:00,SYNTHETIC_farm,3161.0,3225.0,12.4,95.5,20.739,0.0
2026-08-29 04:00:00,SYNTHETIC_farm,3148.0,3210.0,12.1,96.0,20.671,0.0
2026-08-29 04:30:00,SYNTHETIC_farm,3138.0,3240.0,11.8,96.5,20.602,0.0
2026-08-29 05:00:00,SYNTHETIC_farm,3151.0,3226.0,11.5,97.0,20.531,0.0
2026-08-29 05:30:00,SYNTHETIC_farm,3158.0,3233.0,11.2,97.5,20.463,0.0
2026-08-29 06:00:00,SYNTHETIC_farm,3176.0,3224.0,11.0,98.0,20.397,0.0
2026-08-29 06:30:00,SYNTHETIC_farm,3147.0,3250.0,12.7,94.5,20.387,459.0
2026-08-29 07:00:00,SYNTHETIC_farm,3161.0,3223.0,14.3,91.0,20.432,950.6
2026-08-29 07:30:00,SYNTHETIC_farm,3171.0,3229.0,17.1,75.5,20.566,1613.6
2026-08-29 08:00:00,SYNTHETIC_farm,3131.0,3233.0,19.8,60.0,20.789,1831.8
2026-08-29 08:30:00,SYNTHETIC_farm,3172.0,3217.0,21.3,54.5,21.064,3723.2
2026-08-29 09:00:00,SYNTHETIC_farm,3144.0,3233.0,22.8,49.0,21.391,4613.5
2026-08-29 09:30:00,SYNTHETIC_farm,3161.0,3245.0,23.6,47.0,21.748,4137.6
2026-08-29 10:00:00,SYNTHETIC_farm,3161.0,3223.0,24.4,45.0,22.137,4217.9
2026-08-29 10:30:00,SYNTHETIC_farm,3175.0,3235.0,25.3,44.0,22.503,5285.6
2026-08-29 11:00:00,SYNTHETIC_farm,3167.0,3199.0,26.2,43.0,22.846,7158.0
2026-08-29 11:30:00,SYNTHETIC_farm,3130.0,3230.0,26.8,42.5,23.126,7239.2
2026-08-29 12:00:00,SYNTHETIC_farm,3149.0,3226.0,27.3,42.0,23.345,3618.5
2026-08-29 12:30:00,SYNTHETIC_farm,3160.0,3219.0,28.1,40.0,23.541,4211.6
2026-08-29 13:00:00,SYNTHETIC_farm,3157.0,3242.0,28.8,38.0,23.715,4346.5
2026-08-29 13:30:00,SYNTHETIC_farm,3165.0,3226.0,29.3,36.0,23.88,4210.6
2026-08-29 14:00:00,SYNTHETIC_farm,3172.0,3230.0,29.8,34.0,24.036,5218.0
2026-08-29 14:30:00,SYNTHETIC_farm,3169.0,3227.0,30.3,32.5,24.18,4219.5
2026-08-29 15:00:00,SYNTHETIC_farm,3160.0,3211.0,30.8,31.0,24.314,2577.3
2026-08-29 15:30:00,SYNTHETIC_farm,3139.0,3221.0,31.0,31.0,24.437,3119.3
2026-08-29 16:00:00,SYNTHETIC_farm,3158.0,3245.0,31.2,31.0,24.549,2904.4
2026-08-29 16:30:00,SYNTHETIC_farm,3169.0,3210.0,31.1,31.5,24.637,1486.3
2026-08-29 17:00:00,SYNTHETIC_farm,3150.0,3225.0,30.9,32.0,24.7,1869.0
2026-08-29 17:30:00,SYNTHETIC_farm,3172.0,3229.0,29.9,34.0,24.717,477.4
2026-08-29 18:00:00,SYNTHETIC_farm,3174.0,3252.0,28.8,36.0,24.688,0.0
2026-08-29 18:30:00,SYNTHETIC_farm,3165.0,3242.0,26.5,40.0,24.577,0.0
2026-08-29 19:00:00,SYNTHETIC_farm,3125.0,3228.0,24.1,44.0,24.384,0.0
2026-08-29 19:30:00,SYNTHETIC_farm,3149.0,3250.0,21.4,58.5,24.105,0.0
2026-08-29 20:00:00,SYNTHETIC_farm,3192.0,3230.0,18.6,73.0,23.74,0.0
2026-08-29 20:30:00,SYNTHETIC_farm,3163.0,3252.0,16.9,81.0,23.331,0.0
2026-08-29 21:00:00,SYNTHETIC_farm,3144.0,3224.0,15.3,89.0,22.877,0.0
2026-08-29 21:30:00,SYNTHETIC_farm,3186.0,3253.0,14.6,89.0,22.436,0.0
2026-08-29 22:00:00,SYNTHETIC_farm,3169.0,3235.0,14.0,89.0,22.006,0.0
2026-08-29 22:30:00,SYNTHETIC_farm,3183.0,3228.0,13.7,91.0,21.637,0.0
2026-08-29 23:00:00,SYNTHETIC_farm,3172.0,3236.0,13.4,93.0,21.329,0.0
2026-08-29 23:30:00,SYNTHETIC_farm,3177.0,3244.0,13.1,93.0,21.089,0.0
2026-08-30 00:00:00,SYNTHETIC_farm,3176.0,3236.0,12.7,93.0,20.919,0.0
2026-08-30 00:30:00,SYNTHETIC_farm,3180.0,3248.0,12.2,94.5,20.782,0.0
2026-08-30 01:00:00,SYNTHETIC_farm,3202.0,3237.0,11.7,96.0,20.679,0.0
2026-08-30 01:30:00,SYNTHETIC_farm,3182.0,3247.0,11.5,96.5,20.588,0.0
2026-08-30 02:00:00,SYNTHETIC_farm,3147.0,3242.0,11.2,97.0,20.507,0.0
2026-08-30 02:30:00,SYNTHETIC_farm,3174.0,3238.0,11.0,97.5,20.428,0.0
2026-08-30 03:00:00,SYNTHETIC_farm,3183.0,3234.0,10.7,98.0,20.349,0.0
2026-08-30 03:30:00,SYNTHETIC_farm,3184.0,3241.0,10.4,98.0,20.272,0.0
2026-08-30 04:00:00,SYNTHETIC_farm,3161.0,3243.0,10.1,98.0,20.196,0.0
2026-08-30 04:30:00,SYNTHETIC_farm,3182.0,3261.0,9.8,98.5,20.125,0.0
2026-08-30 05:00:00,SYNTHETIC_farm,3182.0,3251.0,9.4,99.0,20.059,0.0
2026-08-30 05:30:00,SYNTHETIC_farm,3204.0,3253.0,8.8,99.0,19.982,0.0
2026-08-30 06:00:00,SYNTHETIC_farm,3162.0,3277.0,8.2,99.0,19.894,0.0
2026-08-30 06:30:00,SYNTHETIC_farm,3164.0,3247.0,9.8,98.5,19.861,854.6
2026-08-30 07:00:00,SYNTHETIC_farm,3166.0,3246.0,11.5,98.0,19.883,1235.6
2026-08-30 07:30:00,SYNTHETIC_farm,3161.0,3246.0,14.5,84.5,20.002,2964.8
2026-08-30 08:00:00,SYNTHETIC_farm,3156.0,3227.0,17.6,71.0,20.218,3799.5
2026-08-30 08:30:00,SYNTHETIC_farm,3134.0,3234.0,18.9,65.0,20.481,3417.2
2026-08-30 09:00:00,SYNTHETIC_farm,3161.0,3231.0,20.2,59.0,20.793,3477.3
2026-08-30 09:30:00,SYNTHETIC_farm,3171.0,3243.0,21.1,58.5,21.149,4650.6
2026-08-30 10:00:00,SYNTHETIC_farm,3158.0,3232.0,21.9,58.0,21.547,6313.3
2026-08-30 10:30:00,SYNTHETIC_farm,3188.0,3235.0,22.6,57.0,21.918,5909.4
2026-08-30 11:00:00,SYNTHETIC_farm,3163.0,3245.0,23.3,56.0,22.26,6847.0
2026-08-30 11:30:00,SYNTHETIC_farm,3176.0,3240.0,24.2,54.0,22.539,5799.6
2026-08-30 12:00:00,SYNTHETIC_farm,3164.0,3229.0,25.0,52.0,22.755,6306.5
2026-08-30 12:30:00,SYNTHETIC_farm,3173.0,3225.0,26.0,49.5,22.96,4693.8
2026-08-30 13:00:00,SYNTHETIC_farm,3165.0,3245.0,26.9,47.0,23.154,6540.9
2026-08-30 13:30:00,SYNTHETIC_farm,3176.0,3237.0,27.7,44.0,23.347,4012.7
2026-08-30 14:00:00,SYNTHETIC_farm,3157.0,3209.0,28.5,41.0,23.536,5706.0
2026-08-30 14:30:00,SYNTHETIC_farm,3165.0,3225.0,29.1,38.5,23.722,5827.5
2026-08-30 15:00:00,SYNTHETIC_farm,3159.0,3227.0,29.6,36.0,23.904,2844.5
2026-08-30 15:30:00,SYNTHETIC_farm,3150.0,3233.0,29.8,36.0,24.068,3787.7
2026-08-30 16:00:00,SYNTHETIC_farm,3157.0,3233.0,30.1,36.0,24.214,1927.0
2026-08-30 16:30:00,SYNTHETIC_farm,3182.0,3227.0,30.0,35.5,24.331,2575.4
2026-08-30 17:00:00,SYNTHETIC_farm,3149.0,3229.0,29.9,35.0,24.417,985.0
2026-08-30 17:30:00,SYNTHETIC_farm,3159.0,3224.0,29.4,36.0,24.466,1003.5
2026-08-30 18:00:00,SYNTHETIC_farm,3170.0,3217.0,28.8,37.0,24.475,0.0
2026-08-30 18:30:00,SYNTHETIC_farm,3171.0,3224.0,26.5,45.0,24.402,0.0
2026-08-30 19:00:00,SYNTHETIC_farm,3157.0,3227.0,24.2,53.0,24.246,0.0
2026-08-30 19:30:00,SYNTHETIC_farm,3127.0,3227.0,22.9,54.5,24.046,0.0
2026-08-30 20:00:00,SYNTHETIC_farm,3162.0,3204.0,21.6,56.0,23.802,0.0
2026-08-30 20:30:00,SYNTHETIC_farm,3128.0,3223.0,20.7,59.5,23.532,0.0
2026-08-30 21:00:00,SYNTHETIC_farm,3175.0,3227.0,19.7,63.0,23.236,0.0
2026-08-30 21:30:00,SYNTHETIC_farm,3157.0,3222.0,18.7,68.5,22.925,0.0
2026-08-30 22:00:00,SYNTHETIC_farm,3168.0,3223.0,17.6,74.0,22.601,0.0
2026-08-30 22:30:00,SYNTHETIC_farm,3141.0,3229.0,16.0,82.0,22.295,0.0
2026-08-30 23:00:00,SYNTHETIC_farm,3133.0,3211.0,14.3,90.0,22.009,0.0
2026-08-30 23:30:00,SYNTHETIC_farm,3158.0,3207.0,13.5,92.0,21.736,0.0
2026-08-31 00:00:00,SYNTHETIC_farm,3155.0,3222.0,12.7,94.0,21.477,0.0
2026-08-31 00:30:00,SYNTHETIC_farm,3147.0,3232.0,12.3,95.0,21.236,0.0
2026-08-31 01:00:00,SYNTHETIC_farm,3154.0,3242.0,12.0,96.0,21.013,0.0
2026-08-31 01:30:00,SYNTHETIC_farm,3189.0,3233.0,12.5,93.0,20.834,0.0
2026-08-31 02:00:00,SYNTHETIC_farm,3162.0,3205.0,12.9,90.0,20.698,0.0
2026-08-31 02:30:00,SYNTHETIC_farm,3163.0,3217.0,12.3,90.5,20.592,0.0
2026-08-31 03:00:00,SYNTHETIC_farm,3162.0,3224.0,11.6,91.0,20.513,0.0
2026-08-31 03:30:00,SYNTHETIC_farm,3170.0,3224.0,11.0,93.0,20.44,0.0
2026-08-31 04:00:00,SYNTHETIC_farm,3150.0,3229.0,10.4,95.0,20.374,0.0
2026-08-31 04:30:00,SYNTHETIC_farm,3129.0,3215.0,10.0,96.0,20.306,0.0
2026-08-31 05:00:00,SYNTHETIC_farm,3153.0,3227.0,9.6,97.0,20.235,0.0
2026-08-31 05:30:00,SYNTHETIC_farm,3167.0,3232.0,9.9,96.5,20.16,0.0
2026-08-31 06:00:00,SYNTHETIC_farm,3148.0,3241.0,10.2,96.0,20.079,0.0
2026-08-31 06:30:00,SYNTHETIC_farm,3158.0,3222.0,11.1,95.0,20.046,695.6
2026-08-31 07:00:00,SYNTHETIC_farm,3151.0,3226.0,12.1,94.0,20.061,1799.2
2026-08-31 07:30:00,SYNTHETIC_farm,3179.0,3200.0,13.8,88.0,20.142,2480.3
2026-08-31 08:00:00,SYNTHETIC_farm,3170.0,3224.0,15.5,82.0,20.29,2470.9
2026-08-31 08:30:00,SYNTHETIC_farm,3169.0,3225.0,16.4,77.5,20.477,4576.1
2026-08-31 09:00:00,SYNTHETIC_farm,3167.0,3217.0,17.4,73.0,20.704,4877.4
2026-08-31 09:30:00,SYNTHETIC_farm,3162.0,3234.0,18.3,69.5,20.949,3692.2
2026-08-31 10:00:00,SYNTHETIC_farm,3165.0,3232.0,19.3,66.0,21.213,4400.3
2026-08-31 10:30:00,SYNTHETIC_farm,3147.0,3206.0,20.1,64.0,21.473,4484.7
2026-08-31 11:00:00,SYNTHETIC_farm,3135.0,3236.0,21.0,62.0,21.731,3998.0
2026-08-31 11:30:00,SYNTHETIC_farm,3165.0,3223.0,21.6,60.5,21.957,4059.2
2026-08-31 12:00:00,SYNTHETIC_farm,3167.0,3239.0,22.2,59.0,22.151,7689.3
2026-08-31 12:30:00,SYNTHETIC_farm,3179.0,3219.0,23.1,57.0,22.343,5370.9
2026-08-31 13:00:00,SYNTHETIC_farm,3182.0,3232.0,23.9,55.0,22.533,4992.2
2026-08-31 13:30:00,SYNTHETIC_farm,3182.0,3229.0,24.5,52.0,22.712,6234.2
2026-08-31 14:00:00,SYNTHETIC_farm,3152.0,3239.0,25.1,49.0,22.879,5146.0
2026-08-31 14:30:00,SYNTHETIC_farm,3161.0,3238.0,25.4,49.0,23.03,6100.4
2026-08-31 15:00:00,SYNTHETIC_farm,3172.0,3233.0,25.7,49.0,23.165,4934.7
2026-08-31 15:30:00,SYNTHETIC_farm,3197.0,3218.0,25.6,49.5,23.28,3412.9
2026-08-31 16:00:00,SYNTHETIC_farm,3183.0,3218.0,25.5,50.0,23.375,2568.3
2026-08-31 16:30:00,SYNTHETIC_farm,3178.0,3228.0,24.8,51.5,23.425,3030.7
2026-08-31 17:00:00,SYNTHETIC_farm,3158.0,3234.0,24.1,53.0,23.429,1732.4
2026-08-31 17:30:00,SYNTHETIC_farm,3154.0,3228.0,23.0,56.0,23.386,1012.6
2026-08-31 18:00:00,SYNTHETIC_farm,3172.0,3240.0,21.9,59.0,23.294,0.0
2026-08-31 18:30:00,SYNTHETIC_farm,3150.0,3231.0,20.1,64.5,23.142,0.0
2026-08-31 19:00:00,SYNTHETIC_farm,3160.0,3222.0,18.3,70.0,22.93,0.0
2026-08-31 19:30:00,SYNTHETIC_farm,3162.0,3231.0,17.4,72.5,22.694,0.0
2026-08-31 20:00:00,SYNTHETIC_farm,3183.0,3235.0,16.5,75.0,22.433,0.0
2026-08-31 20:30:00,SYNTHETIC_farm,3160.0,3238.0,15.8,77.0,22.174,0.0
2026-08-31 21:00:00,SYNTHETIC_farm,3135.0,3258.0,15.2,79.0,21.915,0.0
2026-08-31 21:30:00,SYNTHETIC_farm,3174.0,3230.0,14.4,83.0,21.666,0.0
2026-08-31 22:00:00,SYNTHETIC_farm,3156.0,3235.0,13.6,87.0,21.426,0.0
2026-08-31 22:30:00,SYNTHETIC_farm,3167.0,3242.0,13.3,88.5,21.228,0.0
2026-08-31 23:00:00,SYNTHETIC_farm,3166.0,3237.0,12.9,90.0,21.072,0.0
2026-08-31 23:30:00,SYNTHETIC_farm,3161.0,3230.0,12.6,92.0,20.932,0.0
2026-09-01 00:00:00,SYNTHETIC_farm,3175.0,3218.0,12.2,94.0,20.806,0.0
2026-09-01 00:30:00,SYNTHETIC_farm,3146.0,3230.0,11.8,94.5,20.69,0.0
2026-09-01 01:00:00,SYNTHETIC_farm,3160.0,3225.0,11.4,95.0,20.582,0.0
2026-09-01 01:30:00,SYNTHETIC_farm,3176.0,3218.0,11.3,94.5,20.492,0.0
2026-09-01 02:00:00,SYNTHETIC_farm,3159.0,3229.0,11.1,94.0,20.419,0.0
2026-09-01 02:30:00,SYNTHETIC_farm,3149.0,3228.0,10.4,95.5,20.337,0.0
2026-09-01 03:00:00,SYNTHETIC_farm,3180.0,3248.0,9.8,97.0,20.246,0.0
2026-09-01 03:30:00,SYNTHETIC_farm,3182.0,3244.0,9.6,97.5,20.159,0.0
2026-09-01 04:00:00,SYNTHETIC_farm,3166.0,3227.0,9.3,98.0,20.077,0.0
2026-09-01 04:30:00,SYNTHETIC_farm,3141.0,3234.0,9.6,97.5,20.014,0.0
2026-09-01 05:00:00,SYNTHETIC_farm,3173.0,3213.0,9.9,97.0,19.968,0.0
2026-09-01 05:30:00,SYNTHETIC_farm,3143.0,3229.0,10.1,96.5,19.936,0.0
2026-09-01 06:00:00,SYNTHETIC_farm,3170.0,3241.0,10.4,96.0,19.915,0.0
2026-09-01 06:30:00,SYNTHETIC_farm,3153.0,3244.0,11.3,94.5,19.939,980.4
2026-09-01 07:00:00,SYNTHETIC_farm,3150.0,3227.0,12.2,93.0,20.008,919.5
2026-09-01 07:30:00,SYNTHETIC_farm,3158.0,3246.0,14.3,84.5,20.146,1729.2
2026-09-01 08:00:00,SYNTHETIC_farm,3161.0,3216.0,16.5,76.0,20.354,2036.2
2026-09-01 08:30:00,SYNTHETIC_farm,3157.0,3221.0,17.4,71.0,20.579,4238.5
2026-09-01 09:00:00,SYNTHETIC_farm,3172.0,3243.0,18.3,66.0,20.821,3057.6
2026-09-01 09:30:00,SYNTHETIC_farm,3159.0,3254.0,19.0,63.5,21.079,6008.1
2026-09-01 10:00:00,SYNTHETIC_farm,3175.0,3238.0,19.8,61.0,21.35,5553.9
2026-09-01 10:30:00,SYNTHETIC_farm,3169.0,3235.0,20.0,59.5,21.604,3312.2
2026-09-01 11:00:00,SYNTHETIC_farm,3157.0,3212.0,20.3,58.0,21.838,3327.6
2026-09-01 11:30:00,SYNTHETIC_farm,3155.0,3213.0,21.0,56.5,22.031,3624.5
2026-09-01 12:00:00,SYNTHETIC_farm,3146.0,3239.0,21.7,55.0,22.18,6183.5
2026-09-01 12:30:00,SYNTHETIC_farm,3169.0,3231.0,22.1,53.0,22.317,7014.7
2026-09-01 13:00:00,SYNTHETIC_farm,3162.0,3224.0,22.6,51.0,22.441,4354.5
2026-09-01 13:30:00,SYNTHETIC_farm,3136.0,3237.0,22.7,50.5,22.546,6738.6
2026-09-01 14:00:00,SYNTHETIC_farm,3159.0,3238.0,22.8,50.0,22.633,3188.0
2026-09-01 14:30:00,SYNTHETIC_farm,3154.0,3246.0,23.2,48.5,22.724,5611.3
2026-09-01 15:00:00,SYNTHETIC_farm,3185.0,3236.0,23.6,47.0,22.821,5410.3
2026-09-01 15:30:00,SYNTHETIC_farm,3144.0,3250.0,23.8,46.5,22.903,4225.6
2026-09-01 16:00:00,SYNTHETIC_farm,3148.0,3236.0,24.0,46.0,22.97,3301.9
2026-09-01 16:30:00,SYNTHETIC_farm,3181.0,3236.0,24.0,46.0,23.024,2771.3
2026-09-01 17:00:00,SYNTHETIC_farm,3185.0,3250.0,23.9,46.0,23.064,932.6
2026-09-01 17:30:00,SYNTHETIC_farm,3158.0,3227.0,23.1,48.0,23.076,566.5
2026-09-01 18:00:00,SYNTHETIC_farm,3159.0,3270.0,22.2,50.0,23.06,0.0
2026-09-01 18:30:00,SYNTHETIC_farm,3179.0,3245.0,20.7,54.0,22.988,0.0
2026-09-01 19:00:00,SYNTHETIC_farm,3139.0,3243.0,19.2,58.0,22.859,0.0
2026-09-01 19:30:00,SYNTHETIC_farm,3147.0,3247.0,18.4,61.5,22.702,0.0
2026-09-01 20:00:00,SYNTHETIC_farm,3169.0,3264.0,17.6,65.0,22.515,0.0
2026-09-01 20:30:00,SYNTHETIC_farm,3191.0,3251.0,16.9,67.5,22.31,0.0
2026-09-01 21:00:00,SYNTHETIC_farm,3169.0,3227.0,16.2,70.0,22.087,0.0
2026-09-01 21:30:00,SYNTHETIC_farm,3178.0,3263.0,15.0,78.0,21.852,0.0
2026-09-01 22:00:00,SYNTHETIC_farm,3192.0,3244.0,13.7,86.0,21.606,0.0
2026-09-01 22:30:00,SYNTHETIC_farm,3205.0,3249.0,13.1,88.5,21.387,0.0
2026-09-01 23:00:00,SYNTHETIC_farm,3170.0,3233.0,12.6,91.0,21.196,0.0
2026-09-01 23:30:00,SYNTHETIC_farm,3177.0,3254.0,12.2,92.0,21.018,0.0
2026-09-02 00:00:00,SYNTHETIC_farm,3201.0,3241.0,11.8,93.0,20.852,0.0
2026-09-02 00:30:00,SYNTHETIC_farm,3161.0,3252.0,11.2,94.5,20.689,0.0
2026-09-02 01:00:00,SYNTHETIC_farm,3194.0,3248.0,10.7,96.0,20.528,0.0
2026-09-02 01:30:00,SYNTHETIC_farm,3166.0,3271.0,10.1,96.5,20.387,0.0
2026-09-02 02:00:00,SYNTHETIC_farm,3182.0,3273.0,9.6,97.0,20.267,0.0
2026-09-02 02:30:00,SYNTHETIC_farm,3179.0,3253.0,9.3,97.0,20.156,0.0
2026-09-02 03:00:00,SYNTHETIC_farm,3171.0,3254.0,9.1,97.0,20.055,0.0
2026-09-02 03:30:00,SYNTHETIC_farm,3172.0,3250.0,9.2,97.5,19.968,0.0
2026-09-02 04:00:00,SYNTHETIC_farm,3187.0,3267.0,9.4,98.0,19.898,0.0
2026-09-02 04:30:00,SYNTHETIC_farm,3195.0,3249.0,9.6,98.0,19.85,0.0
2026-09-02 05:00:00,SYNTHETIC_farm,3180.0,3247.0,9.8,98.0,19.824,0.0
2026-09-02 05:30:00,SYNTHETIC_farm,3180.0,3260.0,10.7,97.5,19.84,0.0
2026-09-02 06:00:00,SYNTHETIC_farm,3187.0,3243.0,11.6,97.0,19.898,0.0
2026-09-02 06:30:00,SYNTHETIC_farm,3167.0,3249.0,12.5,95.5,19.99,532.8
2026-09-02 07:00:00,SYNTHETIC_farm,3188.0,3231.0,13.4,94.0,20.117,2001.8
2026-09-02 07:30:00,SYNTHETIC_farm,3185.0,3252.0,15.4,86.0,20.295,1834.8
2026-09-02 08:00:00,SYNTHETIC_farm,3206.0,3265.0,17.3,78.0,20.523,3028.1
2026-09-02 08:30:00,SYNTHETIC_farm,3169.0,3253.0,18.6,70.5,20.785,4024.8
2026-09-02 09:00:00,SYNTHETIC_farm,3167.0,3260.0,20.0,63.0,21.081,4512.0
2026-09-02 09:30:00,SYNTHETIC_farm,3184.0,3235.0,20.9,60.5,21.379,6116.5
2026-09-02 10:00:00,SYNTHETIC_farm,3182.0,3245.0,21.9,58.0,21.678,3548.3
2026-09-02 10:30:00,SYNTHETIC_farm,3167.0,3234.0,22.4,57.0,21.965,5301.7
2026-09-02 11:00:00,SYNTHETIC_farm,3169.0,3242.0,23.0,56.0,22.242,5083.4
2026-09-02 11:30:00,SYNTHETIC_farm,3181.0,3253.0,23.4,55.5,22.475,5534.8
2026-09-02 12:00:00,SYNTHETIC_farm,3167.0,3249.0,23.8,55.0,22.665,3963.9
2026-09-02 12:30:00,SYNTHETIC_farm,3175.0,3234.0,24.3,53.5,22.83,3997.3
2026-09-02 13:00:00,SYNTHETIC_farm,3181.0,3235.0,24.8,52.0,22.97,4528.6
2026-09-02 13:30:00,SYNTHETIC_farm,3192.0,3234.0,25.1,51.0,23.091,4443.7
2026-09-02 14:00:00,SYNTHETIC_farm,3171.0,3254.0,25.4,50.0,23.194,4652.0
2026-09-02 14:30:00,SYNTHETIC_farm,3156.0,3273.0,25.7,48.5,23.288,4924.0
2026-09-02 15:00:00,SYNTHETIC_farm,3155.0,3265.0,25.9,47.0,23.373,4464.9
2026-09-02 15:30:00,SYNTHETIC_farm,3163.0,3228.0,26.1,46.0,23.45,3225.4
2026-09-02 16:00:00,SYNTHETIC_farm,3164.0,3267.0,26.2,45.0,23.517,2642.2
2026-09-02 16:30:00,SYNTHETIC_farm,3179.0,3262.0,26.0,45.5,23.566,1688.7
2026-09-02 17:00:00,SYNTHETIC_farm,3169.0,3237.0,25.9,46.0,23.597,1579.6
2026-09-02 17:30:00,SYNTHETIC_farm,3176.0,3251.0,25.2,49.5,23.598,635.1
2026-09-02 18:00:00,SYNTHETIC_farm,3177.0,3270.0,24.5,53.0,23.571,0.0
2026-09-02 18:30:00,SYNTHETIC_farm,3182.0,3264.0,23.1,57.0,23.495,0.0
2026-09-02 19:00:00,SYNTHETIC_farm,3206.0,3245.0,21.7,61.0,23.372,0.0
2026-09-02 19:30:00,SYNTHETIC_farm,3197.0,3266.0,20.3,62.0,23.206,0.0
2026-09-02 20:00:00,SYNTHETIC_farm,3187.0,3233.0,19.0,63.0,22.999,0.0
2026-09-02 20:30:00,SYNTHETIC_farm,3182.0,3256.0,18.3,67.5,22.775,0.0
2026-09-02 21:00:00,SYNTHETIC_farm,3184.0,3273.0,17.6,72.0,22.535,0.0
2026-09-02 21:30:00,SYNTHETIC_farm,3194.0,3260.0,17.1,75.5,22.301,0.0
2026-09-02 22:00:00,SYNTHETIC_farm,3195.0,3252.0,16.6,79.0,22.073,0.0
2026-09-02 22:30:00,SYNTHETIC_farm,3174.0,3266.0,16.5,80.5,21.882,0.0
2026-09-02 23:00:00,SYNTHETIC_farm,3184.0,3265.0,16.3,82.0,21.727,0.0
2026-09-02 23:30:00,SYNTHETIC_farm,3155.0,3266.0,15.6,86.0,21.589,0.0
2026-09-03 00:00:00,SYNTHETIC_farm,3184.0,3261.0,14.8,90.0,21.467,0.0
2026-09-03 00:30:00,SYNTHETIC_farm,3193.0,3266.0,13.9,93.0,21.34,0.0
2026-09-03 01:00:00,SYNTHETIC_farm,3179.0,3262.0,13.1,96.0,21.208,0.0
2026-09-03 01:30:00,SYNTHETIC_farm,3203.0,3253.0,12.7,96.5,21.08,0.0
2026-09-03 02:00:00,SYNTHETIC_farm,3168.0,3251.0,12.3,97.0,20.954,0.0
2026-09-03 02:30:00,SYNTHETIC_farm,3182.0,3247.0,12.1,97.5,20.826,0.0
2026-09-03 03:00:00,SYNTHETIC_farm,3182.0,3239.0,11.8,98.0,20.696,0.0
2026-09-03 03:30:00,SYNTHETIC_farm,3179.0,3240.0,12.5,97.0,20.608,0.0
2026-09-03 04:00:00,SYNTHETIC_farm,3178.0,3247.0,13.2,96.0,20.563,0.0
2026-09-03 04:30:00,SYNTHETIC_farm,3184.0,3255.0,13.1,96.0,20.539,0.0
2026-09-03 05:00:00,SYNTHETIC_farm,3194.0,3270.0,12.9,96.0,20.536,0.0
2026-09-03 05:30:00,SYNTHETIC_farm,3202.0,3254.0,12.6,96.5,20.535,0.0
2026-09-03 06:00:00,SYNTHETIC_farm,3184.0,3266.0,12.3,97.0,20.537,0.0
2026-09-03 06:30:00,SYNTHETIC_farm,3195.0,3267.0,13.3,95.5,20.574,515.4
2026-09-03 07:00:00,SYNTHETIC_farm,3177.0,3254.0,14.3,94.0,20.646,970.3
2026-09-03 07:30:00,SYNTHETIC_farm,3195.0,3262.0,16.2,87.0,20.752,2778.3
2026-09-03 08:00:00,SYNTHETIC_farm,3177.0,3254.0,18.1,80.0,20.892,1836.8
2026-09-03 08:30:00,SYNTHETIC_farm,3198.0,3270.0,18.6,77.0,21.053,2861.1
2026-09-03 09:00:00,SYNTHETIC_farm,3213.0,3262.0,19.2,74.0,21.235,3495.9
2026-09-03 09:30:00,SYNTHETIC_farm,3184.0,3242.0,20.2,70.5,21.453,3339.3
2026-09-03 10:00:00,SYNTHETIC_farm,3156.0,3256.0,21.2,67.0,21.709,4201.7
2026-09-03 10:30:00,SYNTHETIC_farm,3177.0,3273.0,21.6,65.5,21.949,6289.0
2026-09-03 11:00:00,SYNTHETIC_farm,3199.0,3252.0,22.1,64.0,22.172,3368.4
2026-09-03 11:30:00,SYNTHETIC_farm,3189.0,3257.0,22.7,60.5,22.36,7130.9
2026-09-03 12:00:00,SYNTHETIC_farm,3185.0,3258.0,23.3,57.0,22.513,7326.4
2026-09-03 12:30:00,SYNTHETIC_farm,3193.0,3238.0,23.9,56.0,22.665,5074.1
2026-09-03 13:00:00,SYNTHETIC_farm,3187.0,3256.0,24.4,55.0,22.816,3980.4
2026-09-03 13:30:00,SYNTHETIC_farm,3194.0,3233.0,24.7,54.0,22.947,5691.3
2026-09-03 14:00:00,SYNTHETIC_farm,3192.0,3243.0,25.0,53.0,23.058,3434.6
2026-09-03 14:30:00,SYNTHETIC_farm,3198.0,3261.0,25.1,53.0,23.16,4033.7
2026-09-03 15:00:00,SYNTHETIC_farm,3182.0,3252.0,25.3,53.0,23.253,5509.1
2026-09-03 15:30:00,SYNTHETIC_farm,3188.0,3243.0,25.8,53.0,23.342,4845.7
2026-09-03 16:00:00,SYNTHETIC_farm,3175.0,3254.0,26.2,53.0,23.425,3470.6
2026-09-03 16:30:00,SYNTHETIC_farm,3171.0,3249.0,25.7,55.0,23.477,1851.5
2026-09-03 17:00:00,SYNTHETIC_farm,3201.0,3249.0,25.1,57.0,23.496,1696.9
2026-09-03 17:30:00,SYNTHETIC_farm,3182.0,3257.0,23.7,61.5,23.466,866.3
2026-09-03 18:00:00,SYNTHETIC_farm,3187.0,3239.0,22.2,66.0,23.385,0.0
2026-09-03 18:30:00,SYNTHETIC_farm,3178.0,3247.0,21.4,69.0,23.278,0.0
2026-09-03 19:00:00,SYNTHETIC_farm,3172.0,3246.0,20.7,72.0,23.145,0.0
2026-09-03 19:30:00,SYNTHETIC_farm,3180.0,3232.0,20.2,74.5,22.985,0.0
2026-09-03 20:00:00,SYNTHETIC_farm,3198.0,3240.0,19.8,77.0,22.798,0.0
2026-09-03 20:30:00,SYNTHETIC_farm,3188.0,3269.0,19.4,80.0,22.617,0.0
2026-09-03 21:00:00,SYNTHETIC_farm,3160.0,3257.0,19.0,83.0,22.44,0.0
2026-09-03 21:30:00,SYNTHETIC_farm,3177.0,3235.0,18.7,84.5,22.296,0.0
2026-09-03 22:00:00,SYNTHETIC_farm,3200.0,3230.0,18.4,86.0,22.185,0.0
2026-09-03 22:30:00,SYNTHETIC_farm,3174.0,3246.0,18.4,85.5,22.096,0.0
2026-09-03 23:00:00,SYNTHETIC_farm,3153.0,3264.0,18.3,85.0,22.028,0.0
2026-09-03 23:30:00,SYNTHETIC_farm,3202.0,3246.0,18.1,85.5,21.967,0.0
2026-09-04 00:00:00,SYNTHETIC_farm,3187.0,3263.0,17.9,86.0,21.912,0.0
2026-09-04 00:30:00,SYNTHETIC_farm,3174.0,3249.0,17.8,86.0,21.867,0.0
2026-09-04 01:00:00,SYNTHETIC_farm,3168.0,3249.0,17.8,86.0,21.832,0.0
2026-09-04 01:30:00,SYNTHETIC_farm,3183.0,3224.0,17.6,86.5,21.799,0.0
2026-09-04 02:00:00,SYNTHETIC_farm,3162.0,3250.0,17.3,87.0,21.768,0.0
2026-09-04 02:30:00,SYNTHETIC_farm,3183.0,3235.0,17.2,86.0,21.736,0.0
2026-09-04 03:00:00,SYNTHETIC_farm,3175.0,3248.0,17.2,85.0,21.703,0.0
2026-09-04 03:30:00,SYNTHETIC_farm,3173.0,3231.0,17.1,85.0,21.673,0.0
2026-09-04 04:00:00,SYNTHETIC_farm,3173.0,3244.0,17.0,85.0,21.647,0.0
2026-09-04 04:30:00,SYNTHETIC_farm,3169.0,3246.0,17.0,84.0,21.622,0.0
2026-09-04 05:00:00,SYNTHETIC_farm,3182.0,3237.0,16.9,83.0,21.598,0.0
2026-09-04 05:30:00,SYNTHETIC_farm,3158.0,3244.0,16.8,85.0,21.575,0.0
2026-09-04 06:00:00,SYNTHETIC_farm,3149.0,3237.0,16.6,87.0,21.552,0.0
2026-09-04 06:30:00,SYNTHETIC_farm,3178.0,3233.0,16.5,87.5,21.531,738.2
2026-09-04 07:00:00,SYNTHETIC_farm,3180.0,3261.0,16.5,88.0,21.512,1577.4
2026-09-04 07:30:00,SYNTHETIC_farm,3177.0,3253.0,16.5,85.0,21.496,2169.7
2026-09-04 08:00:00,SYNTHETIC_farm,3179.0,3235.0,16.6,82.0,21.483,1901.9
2026-09-04 08:30:00,SYNTHETIC_farm,3168.0,3249.0,17.5,76.5,21.498,2758.6
2026-09-04 09:00:00,SYNTHETIC_farm,3183.0,3235.0,18.4,71.0,21.539,5138.7
2026-09-04 09:30:00,SYNTHETIC_farm,3170.0,3228.0,19.3,66.0,21.614,5020.2
2026-09-04 10:00:00,SYNTHETIC_farm,3163.0,3251.0,20.3,61.0,21.722,5525.7
2026-09-04 10:30:00,SYNTHETIC_farm,3168.0,3223.0,20.7,59.5,21.843,5983.6
2026-09-04 11:00:00,SYNTHETIC_farm,3197.0,3252.0,21.2,58.0,21.978,6664.2
2026-09-04 11:30:00,SYNTHETIC_farm,3150.0,3240.0,21.5,55.5,22.122,3653.7
2026-09-04 12:00:00,SYNTHETIC_farm,3180.0,3241.0,21.8,53.0,22.275,5092.1
2026-09-04 12:30:00,SYNTHETIC_farm,3152.0,3248.0,22.3,51.5,22.414,5830.3
2026-09-04 13:00:00,SYNTHETIC_farm,3174.0,3252.0,22.7,50.0,22.539,4794.6
2026-09-04 13:30:00,SYNTHETIC_farm,3169.0,3236.0,23.1,48.5,22.649,6717.8
2026-09-04 14:00:00,SYNTHETIC_farm,3146.0,3251.0,23.5,47.0,22.742,4867.9
2026-09-04 14:30:00,SYNTHETIC_farm,3176.0,3243.0,23.9,45.0,22.835,5494.3
2026-09-04 15:00:00,SYNTHETIC_farm,3167.0,3228.0,24.3,43.0,22.926,5165.9
2026-09-04 15:30:00,SYNTHETIC_farm,3146.0,3241.0,24.5,41.0,23.013,3483.5
2026-09-04 16:00:00,SYNTHETIC_farm,3181.0,3256.0,24.7,39.0,23.095,3784.0
2026-09-04 16:30:00,SYNTHETIC_farm,3188.0,3259.0,24.6,39.0,23.163,2333.5
2026-09-04 17:00:00,SYNTHETIC_farm,3188.0,3247.0,24.6,39.0,23.218,1888.8
2026-09-04 17:30:00,SYNTHETIC_farm,3173.0,3225.0,24.3,40.0,23.253,649.2
2026-09-04 18:00:00,SYNTHETIC_farm,3167.0,3242.0,24.1,41.0,23.269,0.0
2026-09-04 18:30:00,SYNTHETIC_farm,3182.0,3245.0,22.0,48.5,23.214,0.0
2026-09-04 19:00:00,SYNTHETIC_farm,3186.0,3243.0,19.9,56.0,23.087,0.0
2026-09-04 19:30:00,SYNTHETIC_farm,3180.0,3244.0,18.6,60.5,22.915,0.0
2026-09-04 20:00:00,SYNTHETIC_farm,3154.0,3241.0,17.2,65.0,22.698,0.0
2026-09-04 20:30:00,SYNTHETIC_farm,3169.0,3236.0,16.7,69.0,22.467,0.0
2026-09-04 21:00:00,SYNTHETIC_farm,3171.0,3229.0,16.2,73.0,22.223,0.0
2026-09-04 21:30:00,SYNTHETIC_farm,3143.0,3215.0,15.9,75.0,21.978,0.0
2026-09-04 22:00:00,SYNTHETIC_farm,3171.0,3239.0,15.6,77.0,21.734,0.0
2026-09-04 22:30:00,SYNTHETIC_farm,3192.0,3236.0,14.8,81.5,21.525,0.0
2026-09-04 23:00:00,SYNTHETIC_farm,3170.0,3239.0,13.9,86.0,21.351,0.0
2026-09-04 23:30:00,SYNTHETIC_farm,3180.0,3216.0,13.4,88.5,21.201,0.0
2026-09-05 00:00:00,SYNTHETIC_farm,3162.0,3237.0,12.8,91.0,21.074,0.0
2026-09-05 00:30:00,SYNTHETIC_farm,3159.0,3253.0,11.8,93.0,20.934,0.0
2026-09-05 01:00:00,SYNTHETIC_farm,3166.0,3232.0,10.9,95.0,20.781,0.0
2026-09-05 01:30:00,SYNTHETIC_farm,3148.0,3228.0,10.4,96.0,20.624,0.0
2026-09-05 02:00:00,SYNTHETIC_farm,3146.0,3232.0,10.0,97.0,20.461,0.0
2026-09-05 02:30:00,SYNTHETIC_farm,3175.0,3252.0,9.5,97.5,20.309,0.0
2026-09-05 03:00:00,SYNTHETIC_farm,3176.0,3218.0,9.0,98.0,20.165,0.0
2026-09-05 03:30:00,SYNTHETIC_farm,3146.0,3232.0,8.6,98.0,20.029,0.0
2026-09-05 04:00:00,SYNTHETIC_farm,3169.0,3218.0,8.3,98.0,19.899,0.0
2026-09-05 04:30:00,SYNTHETIC_farm,3154.0,3219.0,8.1,98.0,19.791,0.0
2026-09-05 05:00:00,SYNTHETIC_farm,3159.0,3225.0,7.9,98.0,19.706,0.0
2026-09-05 05:30:00,SYNTHETIC_farm,3163.0,3242.0,8.0,98.5,19.634,0.0
2026-09-05 06:00:00,SYNTHETIC_farm,3166.0,3244.0,8.0,99.0,19.576,0.0
2026-09-05 06:30:00,SYNTHETIC_farm,3155.0,3229.0,9.2,98.5,19.568,911.9
2026-09-05 07:00:00,SYNTHETIC_farm,3174.0,3222.0,10.4,98.0,19.61,1908.3
2026-09-05 07:30:00,SYNTHETIC_farm,3160.0,3254.0,13.3,89.5,19.746,1508.0
2026-09-05 08:00:00,SYNTHETIC_farm,3165.0,3222.0,16.2,81.0,19.976,3380.1
2026-09-05 08:30:00,SYNTHETIC_farm,3145.0,3219.0,17.4,75.5,20.245,3303.9
2026-09-05 09:00:00,SYNTHETIC_farm,3183.0,3206.0,18.6,70.0,20.554,4202.0
2026-09-05 09:30:00,SYNTHETIC_farm,3159.0,3239.0,19.3,67.0,20.881,5080.0
2026-09-05 10:00:00,SYNTHETIC_farm,3159.0,3231.0,19.9,64.0,21.227,6792.2
2026-09-05 10:30:00,SYNTHETIC_farm,3130.0,3249.0,20.9,61.5,21.565,7308.1
2026-09-05 11:00:00,SYNTHETIC_farm,3139.0,3204.0,21.9,59.0,21.896,4573.3
2026-09-05 11:30:00,SYNTHETIC_farm,3165.0,3236.0,22.8,56.0,22.17,6708.5
2026-09-05 12:00:00,SYNTHETIC_farm,3151.0,3218.0,23.7,53.0,22.385,6840.4
2026-09-05 12:30:00,SYNTHETIC_farm,3120.0,3224.0,24.3,48.5,22.584,4957.6
2026-09-05 13:00:00,SYNTHETIC_farm,3158.0,3196.0,24.9,44.0,22.768,3849.3
2026-09-05 13:30:00,SYNTHETIC_farm,3137.0,3231.0,25.5,43.5,22.947,3332.4
2026-09-05 14:00:00,SYNTHETIC_farm,3162.0,3224.0,26.0,43.0,23.122,6032.0
2026-09-05 14:30:00,SYNTHETIC_farm,3144.0,3215.0,26.4,41.5,23.281,4485.2
2026-09-05 15:00:00,SYNTHETIC_farm,3148.0,3223.0,26.8,40.0,23.425,5596.5
2026-09-05 15:30:00,SYNTHETIC_farm,3161.0,3208.0,27.1,39.5,23.551,3372.9
2026-09-05 16:00:00,SYNTHETIC_farm,3137.0,3212.0,27.4,39.0,23.66,3939.9
2026-09-05 16:30:00,SYNTHETIC_farm,3134.0,3212.0,27.3,39.0,23.747,2027.1
2026-09-05 17:00:00,SYNTHETIC_farm,3144.0,3196.0,27.2,39.0,23.811,1822.0
2026-09-05 17:30:00,SYNTHETIC_farm,3159.0,3229.0,26.3,40.5,23.836,496.9
2026-09-05 18:00:00,SYNTHETIC_farm,3134.0,3234.0,25.5,42.0,23.822,0.0
2026-09-05 18:30:00,SYNTHETIC_farm,3127.0,3211.0,23.3,47.5,23.732,0.0
2026-09-05 19:00:00,SYNTHETIC_farm,3159.0,3222.0,21.2,53.0,23.568,0.0
2026-09-05 19:30:00,SYNTHETIC_farm,3142.0,3217.0,20.0,57.5,23.363,0.0
2026-09-05 20:00:00,SYNTHETIC_farm,3146.0,3225.0,18.9,62.0,23.115,0.0
2026-09-05 20:30:00,SYNTHETIC_farm,3128.0,3215.0,18.2,64.5,22.851,0.0
2026-09-05 21:00:00,SYNTHETIC_farm,3142.0,3211.0,17.5,67.0,22.572,0.0
2026-09-05 21:30:00,SYNTHETIC_farm,3150.0,3233.0,16.4,71.0,22.285,0.0
2026-09-05 22:00:00,SYNTHETIC_farm,3163.0,3221.0,15.3,75.0,21.99,0.0
2026-09-05 22:30:00,SYNTHETIC_farm,3141.0,3244.0,15.3,74.5,21.758,0.0
2026-09-05 23:00:00,SYNTHETIC_farm,3172.0,3222.0,15.3,74.0,21.588,0.0
2026-09-05 23:30:00,SYNTHETIC_farm,3142.0,3211.0,13.8,80.5,21.407,0.0
2026-09-06 00:00:00,SYNTHETIC_farm,3141.0,3234.0,12.3,87.0,21.215,0.0
2026-09-06 00:30:00,SYNTHETIC_farm,3170.0,3228.0,11.7,89.0,21.027,0.0
2026-09-06 01:00:00,SYNTHETIC_farm,3158.0,3234.0,11.1,91.0,20.842,0.0
2026-09-06 01:30:00,SYNTHETIC_farm,3146.0,3236.0,10.6,92.0,20.674,0.0
2026-09-06 02:00:00,SYNTHETIC_farm,3151.0,3216.0,10.1,93.0,20.523,0.0
2026-09-06 02:30:00,SYNTHETIC_farm,3169.0,3221.0,10.0,92.5,20.369,0.0
2026-09-06 03:00:00,SYNTHETIC_farm,3172.0,3221.0,9.8,92.0,20.211,0.0
2026-09-06 03:30:00,SYNTHETIC_farm,3143.0,3209.0,9.5,92.0,20.087,0.0
2026-09-06 04:00:00,SYNTHETIC_farm,3154.0,3222.0,9.2,92.0,19.997,0.0
2026-09-06 04:30:00,SYNTHETIC_farm,3157.0,3242.0,9.0,93.5,19.92,0.0
2026-09-06 05:00:00,SYNTHETIC_farm,3144.0,3229.0,8.9,95.0,19.856,0.0
2026-09-06 05:30:00,SYNTHETIC_farm,3158.0,3213.0,8.4,95.5,19.793,0.0
2026-09-06 06:00:00,SYNTHETIC_farm,3155.0,3207.0,8.0,96.0,19.732,0.0
2026-09-06 06:30:00,SYNTHETIC_farm,3172.0,3246.0,9.6,94.0,19.721,587.9
2026-09-06 07:00:00,SYNTHETIC_farm,3173.0,3227.0,11.2,92.0,19.759,1891.8
2026-09-06 07:30:00,SYNTHETIC_farm,3155.0,3222.0,14.2,80.5,19.897,1916.2
2026-09-06 08:00:00,SYNTHETIC_farm,3155.0,3225.0,17.3,69.0,20.133,3655.9
2026-09-06 08:30:00,SYNTHETIC_farm,3165.0,3210.0,18.4,64.5,20.403,2912.0
2026-09-06 09:00:00,SYNTHETIC_farm,3149.0,3243.0,19.4,60.0,20.707,4322.0
2026-09-06 09:30:00,SYNTHETIC_farm,3164.0,3223.0,20.4,56.0,21.052,4149.6
2026-09-06 10:00:00,SYNTHETIC_farm,3156.0,3243.0,21.3,52.0,21.438,4047.4
2026-09-06 10:30:00,SYNTHETIC_farm,3147.0,3230.0,22.4,48.0,21.808,6895.1
2026-09-06 11:00:00,SYNTHETIC_farm,3144.0,3243.0,23.4,44.0,22.162,4130.0
2026-09-06 11:30:00,SYNTHETIC_farm,3177.0,3231.0,24.0,42.5,22.444,3774.4
2026-09-06 12:00:00,SYNTHETIC_farm,3156.0,3238.0,24.6,41.0,22.654,4979.5
2026-09-06 12:30:00,SYNTHETIC_farm,3179.0,3236.0,25.2,39.5,22.854,6635.6
2026-09-06 13:00:00,SYNTHETIC_farm,3149.0,3233.0,25.9,38.0,23.042,6860.4
2026-09-06 13:30:00,SYNTHETIC_farm,3160.0,3231.0,26.3,37.5,23.215,7367.8
2026-09-06 14:00:00,SYNTHETIC_farm,3184.0,3221.0,26.8,37.0,23.372,4132.5
2026-09-06 14:30:00,SYNTHETIC_farm,3140.0,3246.0,27.1,36.0,23.509,4189.4
2026-09-06 15:00:00,SYNTHETIC_farm,3127.0,3212.0,27.4,35.0,23.625,2859.7
2026-09-06 15:30:00,SYNTHETIC_farm,3168.0,3222.0,27.7,34.5,23.731,3678.0
2026-09-06 16:00:00,SYNTHETIC_farm,3141.0,3222.0,27.9,34.0,23.827,3984.8
2026-09-06 16:30:00,SYNTHETIC_farm,3153.0,3228.0,27.8,34.0,23.902,2532.0
2026-09-06 17:00:00,SYNTHETIC_farm,3146.0,3219.0,27.7,34.0,23.955,1587.8
2026-09-06 17:30:00,SYNTHETIC_farm,3156.0,3226.0,27.0,35.5,23.974,680.0
2026-09-06 18:00:00,SYNTHETIC_farm,3139.0,3220.0,26.3,37.0,23.96,0.0
2026-09-06 18:30:00,SYNTHETIC_farm,3151.0,3206.0,24.0,43.5,23.87,0.0
2026-09-06 19:00:00,SYNTHETIC_farm,3160.0,3225.0,21.7,50.0,23.704,0.0
2026-09-06 19:30:00,SYNTHETIC_farm,3141.0,3212.0,19.9,56.0,23.478,0.0
2026-09-06 20:00:00,SYNTHETIC_farm,3145.0,3204.0,18.1,62.0,23.192,0.0
2026-09-06 20:30:00,SYNTHETIC_farm,3147.0,3223.0,16.7,69.0,22.87,0.0
2026-09-06 21:00:00,SYNTHETIC_farm,3134.0,3228.0,15.3,76.0,22.511,0.0
2026-09-06 21:30:00,SYNTHETIC_farm,3144.0,3226.0,14.4,80.0,22.148,0.0
2026-09-06 22:00:00,SYNTHETIC_farm,3152.0,3227.0,13.6,84.0,21.78,0.0
2026-09-06 22:30:00,SYNTHETIC_farm,3146.0,3199.0,12.6,88.0,21.451,0.0
2026-09-06 23:00:00,SYNTHETIC_farm,3151.0,3209.0,11.7,92.0,21.162,0.0
2026-09-06 23:30:00,SYNTHETIC_farm,3153.0,3246.0,11.2,93.5,20.911,0.0
2026-09-07 00:00:00,SYNTHETIC_farm,3144.0,3211.0,10.8,95.0,20.701,0.0
2026-09-07 00:30:00,SYNTHETIC_farm,3164.0,3233.0,10.4,95.5,20.518,0.0
2026-09-07 01:00:00,SYNTHETIC_farm,3176.0,3220.0,9.9,96.0,20.362,0.0
2026-09-07 01:30:00,SYNTHETIC_farm,3150.0,3228.0,9.7,96.5,20.224,0.0
2026-09-07 02:00:00,SYNTHETIC_farm,3163.0,3220.0,9.4,97.0,20.105,0.0
2026-09-07 02:30:00,SYNTHETIC_farm,3154.0,3234.0,9.1,97.0,20.005,0.0
2026-09-07 03:00:00,SYNTHETIC_farm,3162.0,3229.0,8.8,97.0,19.923,0.0
2026-09-07 03:30:00,SYNTHETIC_farm,3176.0,3222.0,8.7,97.0,19.849,0.0
2026-09-07 04:00:00,SYNTHETIC_farm,3163.0,3215.0,8.5,97.0,19.783,0.0
2026-09-07 04:30:00,SYNTHETIC_farm,3131.0,3227.0,8.2,97.5,19.719,0.0
2026-09-07 05:00:00,SYNTHETIC_farm,3160.0,3211.0,7.8,98.0,19.658,0.0
2026-09-07 05:30:00,SYNTHETIC_farm,3171.0,3230.0,7.9,97.5,19.606,0.0
2026-09-07 06:00:00,SYNTHETIC_farm,3152.0,3255.0,7.9,97.0,19.562,0.0
2026-09-07 06:30:00,SYNTHETIC_farm,3165.0,3238.0,9.4,95.0,19.569,638.4
2026-09-07 07:00:00,SYNTHETIC_farm,3145.0,3232.0,10.8,93.0,19.625,1068.7
2026-09-07 07:30:00,SYNTHETIC_farm,3135.0,3224.0,13.5,85.5,19.764,2834.7
2026-09-07 08:00:00,SYNTHETIC_farm,3155.0,3202.0,16.2,78.0,19.986,2356.0
2026-09-07 08:30:00,SYNTHETIC_farm,3131.0,3208.0,17.8,71.0,20.265,3640.9
2026-09-07 09:00:00,SYNTHETIC_farm,3148.0,3236.0,19.4,64.0,20.601,4972.3
2026-09-07 09:30:00,SYNTHETIC_farm,3166.0,3211.0,21.0,57.0,20.981,5549.3
2026-09-07 10:00:00,SYNTHETIC_farm,3124.0,3211.0,22.6,50.0,21.404,4693.4
2026-09-07 10:30:00,SYNTHETIC_farm,3134.0,3219.0,23.7,47.0,21.818,5166.5
2026-09-07 11:00:00,SYNTHETIC_farm,3136.0,3208.0,24.8,44.0,22.225,7685.3
2026-09-07 11:30:00,SYNTHETIC_farm,3150.0,3207.0,25.9,43.0,22.584,6441.0
2026-09-07 12:00:00,SYNTHETIC_farm,3145.0,3220.0,26.9,42.0,22.896,7135.3
2026-09-07 12:30:00,SYNTHETIC_farm,3168.0,3211.0,27.6,40.0,23.18,7471.7
2026-09-07 13:00:00,SYNTHETIC_farm,3162.0,3212.0,28.3,38.0,23.436,6773.0
2026-09-07 13:30:00,SYNTHETIC_farm,3158.0,3213.0,28.9,36.0,23.664,3940.1
2026-09-07 14:00:00,SYNTHETIC_farm,3153.0,3227.0,29.5,34.0,23.865,5182.2
2026-09-07 14:30:00,SYNTHETIC_farm,3154.0,3216.0,30.0,33.0,24.048,3082.1
2026-09-07 15:00:00,SYNTHETIC_farm,3135.0,3215.0,30.5,32.0,24.212,4523.9
2026-09-07 15:30:00,SYNTHETIC_farm,3157.0,3223.0,30.7,31.5,24.351,4734.3
2026-09-07 16:00:00,SYNTHETIC_farm,3130.0,3213.0,30.9,31.0,24.465,2879.2
2026-09-07 16:30:00,SYNTHETIC_farm,3155.0,3212.0,31.0,29.5,24.564,2064.5
2026-09-07 17:00:00,SYNTHETIC_farm,3159.0,3220.0,31.2,28.0,24.647,927.5
2026-09-07 17:30:00,SYNTHETIC_farm,3150.0,3225.0,30.5,31.0,24.694,1017.7
2026-09-07 18:00:00,SYNTHETIC_farm,3143.0,3214.0,29.8,34.0,24.704,0.0
2026-09-07 18:30:00,SYNTHETIC_farm,3151.0,3217.0,26.1,46.5,24.592,0.0
2026-09-07 19:00:00,SYNTHETIC_farm,3107.0,3205.0,22.4,59.0,24.359,0.0
2026-09-07 19:30:00,SYNTHETIC_farm,3147.0,3204.0,19.8,68.0,24.042,0.0
2026-09-07 20:00:00,SYNTHETIC_farm,3142.0,3222.0,17.1,77.0,23.642,0.0
2026-09-07 20:30:00,SYNTHETIC_farm,3139.0,3215.0,16.2,82.0,23.212,0.0
2026-09-07 21:00:00,SYNTHETIC_farm,3149.0,3216.0,15.3,87.0,22.754,0.0
2026-09-07 21:30:00,SYNTHETIC_farm,3142.0,3217.0,14.8,89.5,22.299,0.0
2026-09-07 22:00:00,SYNTHETIC_farm,3128.0,3213.0,14.2,92.0,21.847,0.0
2026-09-07 22:30:00,SYNTHETIC_farm,3141.0,3221.0,13.7,92.5,21.488,0.0
2026-09-07 23:00:00,SYNTHETIC_farm,3146.0,3226.0,13.2,93.0,21.221,0.0
2026-09-07 23:30:00,SYNTHETIC_farm,3146.0,3225.0,13.0,94.0,21.026,0.0
2026-09-08 00:00:00,SYNTHETIC_farm,3146.0,3213.0,12.8,95.0,20.902,0.0
2026-09-08 00:30:00,SYNTHETIC_farm,3154.0,3226.0,12.5,95.5,20.795,0.0
2026-09-08 01:00:00,SYNTHETIC_farm,3127.0,3214.0,12.2,96.0,20.705,0.0
2026-09-08 01:30:00,SYNTHETIC_farm,3143.0,3219.0,11.9,96.5,20.62,0.0
2026-09-08 02:00:00,SYNTHETIC_farm,3156.0,3213.0,11.5,97.0,20.542,0.0
2026-09-08 02:30:00,SYNTHETIC_farm,3118.0,3213.0,11.3,97.0,20.472,0.0
2026-09-08 03:00:00,SYNTHETIC_farm,3141.0,3201.0,11.1,97.0,20.411,0.0
2026-09-08 03:30:00,SYNTHETIC_farm,3131.0,3217.0,10.9,97.5,20.349,0.0
2026-09-08 04:00:00,SYNTHETIC_farm,3135.0,3242.0,10.6,98.0,20.286,0.0
2026-09-08 04:30:00,SYNTHETIC_farm,3126.0,3203.0,10.3,98.0,20.223,0.0
2026-09-08 05:00:00,SYNTHETIC_farm,3137.0,3210.0,10.1,98.0,20.161,0.0
2026-09-08 05:30:00,SYNTHETIC_farm,3161.0,3202.0,9.9,98.0,20.104,0.0
2026-09-08 06:00:00,SYNTHETIC_farm,3120.0,3201.0,9.7,98.0,20.052,0.0
2026-09-08 06:30:00,SYNTHETIC_farm,3124.0,3227.0,10.9,96.0,20.039,947.2
2026-09-08 07:00:00,SYNTHETIC_farm,3124.0,3203.0,12.0,94.0,20.065,1192.5
2026-09-08 07:30:00,SYNTHETIC_farm,3163.0,3206.0,15.1,80.5,20.186,1871.7
2026-09-08 08:00:00,SYNTHETIC_farm,3134.0,3192.0,18.1,67.0,20.403,2263.0
2026-09-08 08:30:00,SYNTHETIC_farm,3139.0,3201.0,20.4,59.0,20.696,3414.3
2026-09-08 09:00:00,SYNTHETIC_farm,3134.0,3190.0,22.8,51.0,21.064,4621.7
2026-09-08 09:30:00,SYNTHETIC_farm,3127.0,3217.0,24.4,46.5,21.483,3539.3
2026-09-08 10:00:00,SYNTHETIC_farm,3136.0,3241.0,25.9,42.0,21.953,4268.2
2026-09-08 10:30:00,SYNTHETIC_farm,3171.0,3205.0,27.3,40.0,22.429,7079.8
2026-09-08 11:00:00,SYNTHETIC_farm,3157.0,3190.0,28.7,38.0,22.911,3517.6
2026-09-08 11:30:00,SYNTHETIC_farm,3126.0,3217.0,29.7,36.5,23.335,5474.3
2026-09-08 12:00:00,SYNTHETIC_farm,3144.0,3198.0,30.7,35.0,23.7,6665.2
2026-09-08 12:30:00,SYNTHETIC_farm,3127.0,3222.0,31.6,33.0,24.021,4071.2
2026-09-08 13:00:00,SYNTHETIC_farm,3113.0,3203.0,32.4,31.0,24.299,3512.4
2026-09-08 13:30:00,SYNTHETIC_farm,3148.0,3198.0,33.0,29.0,24.549,3742.2
2026-09-08 14:00:00,SYNTHETIC_farm,3149.0,3202.0,33.6,27.0,24.771,6590.8
2026-09-08 14:30:00,SYNTHETIC_farm,3148.0,3213.0,34.0,26.5,24.966,2747.0
2026-09-08 15:00:00,SYNTHETIC_farm,3128.0,3201.0,34.4,26.0,25.133,3025.7
2026-09-08 15:30:00,SYNTHETIC_farm,3134.0,3201.0,34.7,26.0,25.278,2169.0
2026-09-08 16:00:00,SYNTHETIC_farm,3146.0,3205.0,34.9,26.0,25.4,1962.4
2026-09-08 16:30:00,SYNTHETIC_farm,3140.0,3191.0,34.8,26.5,25.492,2391.1
2026-09-08 17:00:00,SYNTHETIC_farm,3131.0,3211.0,34.6,27.0,25.555,1170.4
2026-09-08 17:30:00,SYNTHETIC_farm,3114.0,3185.0,33.5,29.0,25.569,785.2
2026-09-08 18:00:00,SYNTHETIC_farm,3136.0,3199.0,32.4,31.0,25.536,0.0
2026-09-08 18:30:00,SYNTHETIC_farm,3148.0,3214.0,28.8,45.0,25.385,0.0
2026-09-08 19:00:00,SYNTHETIC_farm,3119.0,3208.0,25.2,59.0,25.118,0.0
2026-09-08 19:30:00,SYNTHETIC_farm,3144.0,3212.0,22.8,70.5,24.774,0.0
2026-09-08 20:00:00,SYNTHETIC_farm,3138.0,3204.0,20.4,82.0,24.353,0.0
2026-09-08 20:30:00,SYNTHETIC_farm,3143.0,3217.0,19.4,86.0,23.909,0.0
2026-09-08 21:00:00,SYNTHETIC_farm,3144.0,3213.0,18.4,90.0,23.441,0.0
2026-09-08 21:30:00,SYNTHETIC_farm,3123.0,3207.0,17.9,91.5,22.99,0.0
2026-09-08 22:00:00,SYNTHETIC_farm,3113.0,3214.0,17.4,93.0,22.556,0.0
2026-09-08 22:30:00,SYNTHETIC_farm,3128.0,3213.0,17.4,91.5,22.224,0.0
2026-09-08 23:00:00,SYNTHETIC_farm,3148.0,3202.0,17.3,90.0,21.996,0.0
2026-09-08 23:30:00,SYNTHETIC_farm,3133.0,3196.0,17.1,90.5,21.83,0.0
2026-09-09 00:00:00,SYNTHETIC_farm,3130.0,3214.0,16.8,91.0,21.727,0.0
2026-09-09 00:30:00,SYNTHETIC_farm,3116.0,3216.0,16.6,92.0,21.646,0.0
2026-09-09 01:00:00,SYNTHETIC_farm,3160.0,3220.0,16.3,93.0,21.587,0.0
2026-09-09 01:30:00,SYNTHETIC_farm,3147.0,3196.0,16.4,89.0,21.542,0.0
2026-09-09 02:00:00,SYNTHETIC_farm,3145.0,3195.0,16.4,85.0,21.511,0.0
2026-09-09 02:30:00,SYNTHETIC_farm,3146.0,3209.0,15.8,86.5,21.466,0.0
2026-09-09 03:00:00,SYNTHETIC_farm,3140.0,3202.0,15.3,88.0,21.407,0.0
2026-09-09 03:30:00,SYNTHETIC_farm,3129.0,3181.0,15.0,89.0,21.347,0.0
2026-09-09 04:00:00,SYNTHETIC_farm,3128.0,3205.0,14.8,90.0,21.288,0.0
2026-09-09 04:30:00,SYNTHETIC_farm,3126.0,3181.0,14.4,92.5,21.224,0.0
2026-09-09 05:00:00,SYNTHETIC_farm,3164.0,3190.0,14.0,95.0,21.157,0.0
2026-09-09 05:30:00,SYNTHETIC_farm,3142.0,3220.0,13.9,95.5,21.086,0.0
2026-09-09 06:00:00,SYNTHETIC_farm,3128.0,3225.0,13.8,96.0,21.012,0.0
2026-09-09 06:30:00,SYNTHETIC_farm,3140.0,3191.0,14.7,96.0,20.979,544.9
2026-09-09 07:00:00,SYNTHETIC_farm,3119.0,3199.0,15.6,96.0,20.987,1741.2
2026-09-09 07:30:00,SYNTHETIC_farm,3154.0,3206.0,18.5,79.5,21.087,2544.6
2026-09-09 08:00:00,SYNTHETIC_farm,3128.0,3227.0,21.4,63.0,21.278,3394.2
2026-09-09 08:30:00,SYNTHETIC_farm,3144.0,3202.0,22.7,57.5,21.518,2962.6
2026-09-09 09:00:00,SYNTHETIC_farm,3149.0,3200.0,24.0,52.0,21.808,5288.5
2026-09-09 09:30:00,SYNTHETIC_farm,3141.0,3223.0,25.6,49.5,22.145,4861.9
2026-09-09 10:00:00,SYNTHETIC_farm,3135.0,3200.0,27.1,47.0,22.529,3459.7
2026-09-09 10:30:00,SYNTHETIC_farm,3136.0,3215.0,28.7,42.5,22.934,3765.4
2026-09-09 11:00:00,SYNTHETIC_farm,3137.0,3191.0,30.3,38.0,23.36,6356.7
2026-09-09 11:30:00,SYNTHETIC_farm,3130.0,3206.0,31.1,36.5,23.727,4172.9
2026-09-09 12:00:00,SYNTHETIC_farm,3128.0,3186.0,32.0,35.0,24.034,5733.7
2026-09-09 12:30:00,SYNTHETIC_farm,3152.0,3191.0,33.0,32.5,24.332,7875.1
2026-09-09 13:00:00,SYNTHETIC_farm,3132.0,3214.0,34.0,30.0,24.622,3321.4
2026-09-09 13:30:00,SYNTHETIC_farm,3126.0,3205.0,34.8,28.0,24.889,3229.7
2026-09-09 14:00:00,SYNTHETIC_farm,3131.0,3204.0,35.6,26.0,25.135,6884.1
2026-09-09 14:30:00,SYNTHETIC_farm,3149.0,3197.0,36.0,23.5,25.348,4828.7
2026-09-09 15:00:00,SYNTHETIC_farm,3144.0,3203.0,36.4,21.0,25.526,2827.7
2026-09-09 15:30:00,SYNTHETIC_farm,3144.0,3211.0,36.6,21.0,25.683,4573.2
2026-09-09 16:00:00,SYNTHETIC_farm,3131.0,3216.0,36.7,21.0,25.818,3717.5
2026-09-09 16:30:00,SYNTHETIC_farm,3142.0,3175.0,36.5,21.5,25.92,2244.6
2026-09-09 17:00:00,SYNTHETIC_farm,3127.0,3196.0,36.4,22.0,25.989,1619.1
2026-09-09 17:30:00,SYNTHETIC_farm,3132.0,3207.0,34.4,30.5,25.977,609.0
2026-09-09 18:00:00,SYNTHETIC_farm,3145.0,3201.0,32.4,39.0,25.884,0.0
2026-09-09 18:30:00,SYNTHETIC_farm,3143.0,3207.0,28.7,54.0,25.672,0.0
2026-09-09 19:00:00,SYNTHETIC_farm,3119.0,3205.0,25.0,69.0,25.34,0.0
2026-09-09 19:30:00,SYNTHETIC_farm,3120.0,3198.0,23.8,73.5,24.972,0.0
2026-09-09 20:00:00,SYNTHETIC_farm,3132.0,3195.0,22.7,78.0,24.567,0.0
2026-09-09 20:30:00,SYNTHETIC_farm,3152.0,3197.0,21.9,82.5,24.143,0.0
2026-09-09 21:00:00,SYNTHETIC_farm,3105.0,3213.0,21.1,87.0,23.701,0.0
2026-09-09 21:30:00,SYNTHETIC_farm,3134.0,3192.0,20.7,86.0,23.304,0.0
2026-09-09 22:00:00,SYNTHETIC_farm,3112.0,3200.0,20.2,85.0,22.952,0.0
2026-09-09 22:30:00,SYNTHETIC_farm,3121.0,3202.0,19.8,85.5,22.695,0.0
2026-09-09 23:00:00,SYNTHETIC_farm,3125.0,3218.0,19.4,86.0,22.535,0.0
2026-09-09 23:30:00,SYNTHETIC_farm,3121.0,3194.0,18.8,86.0,22.389,0.0
2026-09-10 00:00:00,SYNTHETIC_farm,3121.0,3209.0,18.2,86.0,22.259,0.0
2026-09-10 00:30:00,SYNTHETIC_farm,3128.0,3212.0,17.8,87.5,22.142,0.0
2026-09-10 01:00:00,SYNTHETIC_farm,3121.0,3197.0,17.5,89.0,22.037,0.0
2026-09-10 01:30:00,SYNTHETIC_farm,3111.0,3197.0,17.3,90.5,21.939,0.0
2026-09-10 02:00:00,SYNTHETIC_farm,3136.0,3193.0,17.1,92.0,21.847,0.0
2026-09-10 02:30:00,SYNTHETIC_farm,3133.0,3191.0,16.9,92.0,21.764,0.0
2026-09-10 03:00:00,SYNTHETIC_farm,3135.0,3204.0,16.8,92.0,21.688,0.0
2026-09-10 03:30:00,SYNTHETIC_farm,3104.0,3197.0,17.2,88.5,21.642,0.0
2026-09-10 04:00:00,SYNTHETIC_farm,3128.0,3197.0,17.6,85.0,21.626,0.0
2026-09-10 04:30:00,SYNTHETIC_farm,3132.0,3181.0,17.7,84.5,21.622,0.0
2026-09-10 05:00:00,SYNTHETIC_farm,3112.0,3184.0,17.8,84.0,21.63,0.0
2026-09-10 05:30:00,SYNTHETIC_farm,3126.0,3221.0,17.7,85.5,21.641,0.0
2026-09-10 06:00:00,SYNTHETIC_farm,3126.0,3195.0,17.6,87.0,21.656,0.0
2026-09-10 06:30:00,SYNTHETIC_farm,3150.0,3188.0,18.4,87.0,21.697,976.0
2026-09-10 07:00:00,SYNTHETIC_farm,3148.0,3210.0,19.2,87.0,21.764,1351.4
2026-09-10 07:30:00,SYNTHETIC_farm,3103.0,3198.0,22.0,75.5,21.902,2500.1
2026-09-10 08:00:00,SYNTHETIC_farm,3159.0,3204.0,24.8,64.0,22.109,2050.7
2026-09-10 08:30:00,SYNTHETIC_farm,3116.0,3196.0,26.5,58.0,22.363,4751.5
2026-09-10 09:00:00,SYNTHETIC_farm,3139.0,3193.0,28.2,52.0,22.664,2993.9
2026-09-10 09:30:00,SYNTHETIC_farm,3140.0,3196.0,29.7,41.5,23.012,3435.4
2026-09-10 10:00:00,SYNTHETIC_farm,3116.0,3183.0,31.2,31.0,23.408,6354.4
2026-09-10 10:30:00,SYNTHETIC_farm,3138.0,3201.0,32.0,30.5,23.802,7004.8
2026-09-10 11:00:00,SYNTHETIC_farm,3129.0,3204.0,32.8,30.0,24.196,4238.2
2026-09-10 11:30:00,SYNTHETIC_farm,3137.0,3221.0,33.8,27.5,24.539,5515.1
2026-09-10 12:00:00,SYNTHETIC_farm,3134.0,3202.0,34.8,25.0,24.83,6765.2
2026-09-10 12:30:00,SYNTHETIC_farm,3146.0,3175.0,35.5,24.0,25.092,7362.3
2026-09-10 13:00:00,SYNTHETIC_farm,3130.0,3199.0,36.2,23.0,25.325,4973.4
2026-09-10 13:30:00,SYNTHETIC_farm,3128.0,3231.0,36.6,23.0,25.525,5338.2
2026-09-10 14:00:00,SYNTHETIC_farm,3145.0,3211.0,37.0,23.0,25.692,5891.3
2026-09-10 14:30:00,SYNTHETIC_farm,3139.0,3192.0,37.1,24.5,25.839,5358.7
2026-09-10 15:00:00,SYNTHETIC_farm,3141.0,3209.0,37.1,26.0,25.964,4943.2
2026-09-10 15:30:00,SYNTHETIC_farm,3123.0,3193.0,36.9,26.0,26.055,3664.3
2026-09-10 16:00:00,SYNTHETIC_farm,3120.0,3188.0,36.8,26.0,26.111,1948.7
2026-09-10 16:30:00,SYNTHETIC_farm,3125.0,3199.0,36.0,27.0,26.125,2886.4
2026-09-10 17:00:00,SYNTHETIC_farm,3123.0,3203.0,35.2,28.0,26.096,1906.9
2026-09-10 17:30:00,SYNTHETIC_farm,3142.0,3181.0,34.2,25.5,26.027,921.5
2026-09-10 18:00:00,SYNTHETIC_farm,3145.0,3190.0,33.2,23.0,25.918,0.0
2026-09-10 18:30:00,SYNTHETIC_farm,3129.0,3201.0,31.4,24.5,25.754,0.0
2026-09-10 19:00:00,SYNTHETIC_farm,3147.0,3194.0,29.6,26.0,25.535,0.0
2026-09-10 19:30:00,SYNTHETIC_farm,3143.0,3201.0,26.8,38.5,25.241,0.0
2026-09-10 20:00:00,SYNTHETIC_farm,3129.0,3182.0,24.0,51.0,24.871,0.0
2026-09-10 20:30:00,SYNTHETIC_farm,3114.0,3203.0,22.3,58.0,24.475,0.0
2026-09-10 21:00:00,SYNTHETIC_farm,3144.0,3181.0,20.7,65.0,24.054,0.0
2026-09-10 21:30:00,SYNTHETIC_farm,3124.0,3214.0,19.4,71.0,23.625,0.0
2026-09-10 22:00:00,SYNTHETIC_farm,3125.0,3175.0,18.1,77.0,23.187,0.0
2026-09-10 22:30:00,SYNTHETIC_farm,3120.0,3182.0,18.1,74.0,22.802,0.0
2026-09-10 23:00:00,SYNTHETIC_farm,3112.0,3199.0,18.0,71.0,22.467,0.0
2026-09-10 23:30:00,SYNTHETIC_farm,3106.0,3214.0,17.0,75.5,22.185,0.0
2026-09-11 00:00:00,SYNTHETIC_farm,3134.0,3200.0,16.1,80.0,21.955,0.0
2026-09-11 00:30:00,SYNTHETIC_farm,3115.0,3201.0,15.5,81.5,21.757,0.0
2026-09-11 01:00:00,SYNTHETIC_farm,3164.0,3195.0,14.9,83.0,21.592,0.0
2026-09-11 01:30:00,SYNTHETIC_farm,3112.0,3185.0,14.4,85.5,21.447,0.0
2026-09-11 02:00:00,SYNTHETIC_farm,3111.0,3192.0,13.8,88.0,21.323,0.0
2026-09-11 02:30:00,SYNTHETIC_farm,3131.0,3181.0,13.6,88.5,21.194,0.0
2026-09-11 03:00:00,SYNTHETIC_farm,3145.0,3182.0,13.3,89.0,21.059,0.0
2026-09-11 03:30:00,SYNTHETIC_farm,3125.0,3199.0,12.8,91.0,20.936,0.0
2026-09-11 04:00:00,SYNTHETIC_farm,3134.0,3184.0,12.3,93.0,20.827,0.0
2026-09-11 04:30:00,SYNTHETIC_farm,3104.0,3202.0,11.9,93.5,20.723,0.0
2026-09-11 05:00:00,SYNTHETIC_farm,3120.0,3184.0,11.6,94.0,20.625,0.0
2026-09-11 05:30:00,SYNTHETIC_farm,3115.0,3202.0,11.0,95.0,20.527,0.0
2026-09-11 06:00:00,SYNTHETIC_farm,3104.0,3193.0,10.4,96.0,20.429,0.0
2026-09-11 06:30:00,SYNTHETIC_farm,3131.0,3216.0,11.6,94.0,20.372,505.3
2026-09-11 07:00:00,SYNTHETIC_farm,3100.0,3203.0,12.8,92.0,20.356,1774.6
2026-09-11 07:30:00,SYNTHETIC_farm,3113.0,3214.0,15.9,76.0,20.445,2846.4
2026-09-11 08:00:00,SYNTHETIC_farm,3124.0,3193.0,19.0,60.0,20.64,2344.3
2026-09-11 08:30:00,SYNTHETIC_farm,3119.0,3201.0,20.7,54.5,20.895,2643.1
2026-09-11 09:00:00,SYNTHETIC_farm,3134.0,3188.0,22.4,49.0,21.21,3017.5
2026-09-11 09:30:00,SYNTHETIC_farm,3131.0,3193.0,23.7,47.0,21.576,4602.1
2026-09-11 10:00:00,SYNTHETIC_farm,3137.0,3193.0,24.9,45.0,21.994,4812.0
2026-09-11 10:30:00,SYNTHETIC_farm,3133.0,3185.0,26.0,42.0,22.412,4253.0
2026-09-11 11:00:00,SYNTHETIC_farm,3139.0,3181.0,27.2,39.0,22.828,3502.7
2026-09-11 11:30:00,SYNTHETIC_farm,3127.0,3181.0,27.9,37.0,23.175,5567.9
2026-09-11 12:00:00,SYNTHETIC_farm,3133.0,3173.0,28.6,35.0,23.454,7795.1
2026-09-11 12:30:00,SYNTHETIC_farm,3134.0,3185.0,29.1,34.5,23.696,6341.2
2026-09-11 13:00:00,SYNTHETIC_farm,3130.0,3206.0,29.6,34.0,23.904,5486.4
2026-09-11 13:30:00,SYNTHETIC_farm,3125.0,3183.0,30.3,33.0,24.097,3626.3
2026-09-11 14:00:00,SYNTHETIC_farm,3125.0,3185.0,31.1,32.0,24.275,3959.0
2026-09-11 14:30:00,SYNTHETIC_farm,3119.0,3221.0,31.5,30.5,24.434,3779.9
2026-09-11 15:00:00,SYNTHETIC_farm,3132.0,3190.0,31.9,29.0,24.572,4884.7
2026-09-11 15:30:00,SYNTHETIC_farm,3126.0,3201.0,32.0,29.0,24.692,4516.0
2026-09-11 16:00:00,SYNTHETIC_farm,3117.0,3203.0,32.1,29.0,24.793,3766.0
2026-09-11 16:30:00,SYNTHETIC_farm,3118.0,3204.0,31.8,30.0,24.872,3027.1
2026-09-11 17:00:00,SYNTHETIC_farm,3108.0,3177.0,31.6,31.0,24.928,2044.7
2026-09-11 17:30:00,SYNTHETIC_farm,3137.0,3193.0,30.3,37.5,24.926,1013.7
2026-09-11 18:00:00,SYNTHETIC_farm,3127.0,3178.0,29.0,44.0,24.867,0.0
2026-09-11 18:30:00,SYNTHETIC_farm,3114.0,3223.0,25.4,60.5,24.691,0.0
2026-09-11 19:00:00,SYNTHETIC_farm,3134.0,3176.0,21.8,77.0,24.398,0.0
2026-09-11 19:30:00,SYNTHETIC_farm,3113.0,3179.0,20.8,77.5,24.073,0.0
2026-09-11 20:00:00,SYNTHETIC_farm,3102.0,3179.0,19.8,78.0,23.716,0.0
2026-09-11 20:30:00,SYNTHETIC_farm,3132.0,3173.0,19.0,79.5,23.345,0.0
2026-09-11 21:00:00,SYNTHETIC_farm,3110.0,3203.0,18.2,81.0,22.959,0.0
2026-09-11 21:30:00,SYNTHETIC_farm,3113.0,3216.0,17.2,86.5,22.58,0.0
2026-09-11 22:00:00,SYNTHETIC_farm,3118.0,3182.0,16.2,92.0,22.209,0.0
2026-09-11 22:30:00,SYNTHETIC_farm,3130.0,3171.0,15.6,93.5,21.926,0.0
2026-09-11 23:00:00,SYNTHETIC_farm,3115.0,3160.0,15.1,95.0,21.732,0.0
2026-09-11 23:30:00,SYNTHETIC_farm,3101.0,3184.0,14.6,96.0,21.552,0.0
2026-09-12 00:00:00,SYNTHETIC_farm,3124.0,3184.0,14.1,97.0,21.388,0.0
2026-09-12 00:30:00,SYNTHETIC_farm,3111.0,3180.0,13.8,97.5,21.239,0.0
2026-09-12 01:00:00,SYNTHETIC_farm,3143.0,3191.0,13.6,98.0,21.104,0.0
2026-09-12 01:30:00,SYNTHETIC_farm,3117.0,3191.0,13.3,98.0,20.991,0.0
2026-09-12 02:00:00,SYNTHETIC_farm,3088.0,3191.0,13.1,98.0,20.901,0.0
2026-09-12 02:30:00,SYNTHETIC_farm,3122.0,3184.0,12.8,98.0,20.819,0.0
2026-09-12 03:00:00,SYNTHETIC_farm,3141.0,3174.0,12.6,98.0,20.745,0.0
2026-09-12 03:30:00,SYNTHETIC_farm,3137.0,3195.0,12.2,98.0,20.676,0.0
2026-09-12 04:00:00,SYNTHETIC_farm,3139.0,3186.0,11.9,98.0,20.612,0.0
2026-09-12 04:30:00,SYNTHETIC_farm,3104.0,3197.0,11.9,98.0,20.555,0.0
2026-09-12 05:00:00,SYNTHETIC_farm,3129.0,3197.0,11.8,98.0,20.505,0.0
2026-09-12 05:30:00,SYNTHETIC_farm,3104.0,3168.0,11.8,98.0,20.461,0.0
2026-09-12 06:00:00,SYNTHETIC_farm,3118.0,3169.0,11.8,98.0,20.424,0.0
2026-09-12 06:30:00,SYNTHETIC_farm,3094.0,3172.0,12.7,97.5,20.422,950.3
2026-09-12 07:00:00,SYNTHETIC_farm,3102.0,3168.0,13.7,97.0,20.454,1097.1
2026-09-12 07:30:00,SYNTHETIC_farm,3103.0,3190.0,16.9,85.0,20.588,2030.6
2026-09-12 08:00:00,SYNTHETIC_farm,3123.0,3185.0,20.1,73.0,20.825,2735.9
2026-09-12 08:30:00,SYNTHETIC_farm,3119.0,3192.0,22.1,63.0,21.121,2763.0
2026-09-12 09:00:00,SYNTHETIC_farm,3111.0,3182.0,24.1,53.0,21.476,4708.8
2026-09-12 09:30:00,SYNTHETIC_farm,3092.0,3182.0,24.9,49.0,21.855,5793.5
2026-09-12 10:00:00,SYNTHETIC_farm,3102.0,3190.0,25.7,45.0,22.259,6416.0
2026-09-12 10:30:00,SYNTHETIC_farm,3098.0,3183.0,26.2,45.0,22.648,4589.5
2026-09-12 11:00:00,SYNTHETIC_farm,3119.0,3179.0,26.6,45.0,23.023,5642.1
2026-09-12 11:30:00,SYNTHETIC_farm,3121.0,3193.0,27.4,43.5,23.327,4514.1
2026-09-12 12:00:00,SYNTHETIC_farm,3119.0,3177.0,28.1,42.0,23.56,4536.6
2026-09-12 12:30:00,SYNTHETIC_farm,3094.0,3171.0,28.8,41.0,23.753,4120.1
2026-09-12 13:00:00,SYNTHETIC_farm,3070.0,3166.0,29.4,40.0,23.905,7444.4
2026-09-12 13:30:00,SYNTHETIC_farm,3084.0,3185.0,29.8,39.0,24.047,6901.2
2026-09-12 14:00:00,SYNTHETIC_farm,3122.0,3188.0,30.2,38.0,24.177,6032.1
2026-09-12 14:30:00,SYNTHETIC_farm,3098.0,3173.0,30.4,37.0,24.301,4586.3
2026-09-12 15:00:00,SYNTHETIC_farm,3092.0,3187.0,30.7,36.0,24.418,4000.5
2026-09-12 15:30:00,SYNTHETIC_farm,3125.0,3152.0,30.2,36.5,24.501,3552.8
2026-09-12 16:00:00,SYNTHETIC_farm,3118.0,3172.0,29.8,37.0,24.549,2933.6
2026-09-12 16:30:00,SYNTHETIC_farm,3105.0,3174.0,28.8,38.5,24.552,2067.3
2026-09-12 17:00:00,SYNTHETIC_farm,3101.0,3167.0,27.9,40.0,24.508,1040.7
2026-09-12 17:30:00,SYNTHETIC_farm,3101.0,3200.0,26.6,42.0,24.417,521.2
2026-09-12 18:00:00,SYNTHETIC_farm,3105.0,3171.0,25.4,44.0,24.277,0.0
2026-09-12 18:30:00,SYNTHETIC_farm,3121.0,3166.0,24.2,48.0,24.096,0.0
2026-09-12 19:00:00,SYNTHETIC_farm,3104.0,3169.0,23.0,52.0,23.874,0.0
2026-09-12 19:30:00,SYNTHETIC_farm,3108.0,3147.0,21.4,58.5,23.619,0.0
2026-09-12 20:00:00,SYNTHETIC_farm,3112.0,3159.0,19.8,65.0,23.331,0.0
2026-09-12 20:30:00,SYNTHETIC_farm,3079.0,3175.0,18.9,67.0,23.045,0.0
2026-09-12 21:00:00,SYNTHETIC_farm,3103.0,3157.0,18.1,69.0,22.761,0.0
2026-09-12 21:30:00,SYNTHETIC_farm,3087.0,3152.0,16.6,77.0,22.47,0.0
2026-09-12 22:00:00,SYNTHETIC_farm,3058.0,3175.0,15.2,85.0,22.174,0.0
2026-09-12 22:30:00,SYNTHETIC_farm,3061.0,3174.0,14.4,88.5,21.891,0.0
2026-09-12 23:00:00,SYNTHETIC_farm,3074.0,3163.0,13.7,92.0,21.621,0.0
2026-09-12 23:30:00,SYNTHETIC_farm,3097.0,3155.0,13.3,93.0,21.386,0.0
2026-09-13 00:00:00,SYNTHETIC_farm,3092.0,3158.0,12.9,94.0,21.185,0.0
2026-09-13 00:30:00,SYNTHETIC_farm,3093.0,3152.0,12.6,94.5,21.0,0.0
2026-09-13 01:00:00,SYNTHETIC_farm,3113.0,3147.0,12.2,95.0,20.831,0.0
2026-09-13 01:30:00,SYNTHETIC_farm,3071.0,3146.0,11.7,95.5,20.69,0.0
2026-09-13 02:00:00,SYNTHETIC_farm,3087.0,3151.0,11.2,96.0,20.575,0.0
2026-09-13 02:30:00,SYNTHETIC_farm,3090.0,3145.0,11.1,96.5,20.479,0.0
2026-09-13 03:00:00,SYNTHETIC_farm,3078.0,3140.0,10.9,97.0,20.4,0.0
2026-09-13 03:30:00,SYNTHETIC_farm,3086.0,3159.0,11.4,94.0,20.345,0.0
2026-09-13 04:00:00,SYNTHETIC_farm,3065.0,3159.0,11.8,91.0,20.313,0.0
2026-09-13 04:30:00,SYNTHETIC_farm,3103.0,3174.0,11.3,92.5,20.277,0.0
2026-09-13 05:00:00,SYNTHETIC_farm,3076.0,3148.0,10.9,94.0,20.239,0.0
2026-09-13 05:30:00,SYNTHETIC_farm,3110.0,3158.0,10.2,95.5,20.194,0.0
2026-09-13 06:00:00,SYNTHETIC_farm,3083.0,3158.0,9.5,97.0,20.145,0.0
2026-09-13 06:30:00,SYNTHETIC_farm,3097.0,3151.0,10.5,96.5,20.128,919.3
2026-09-13 07:00:00,SYNTHETIC_farm,3082.0,3161.0,11.5,96.0,20.144,1620.2
2026-09-13 07:30:00,SYNTHETIC_farm,3083.0,3162.0,13.8,87.5,20.213,2619.2
2026-09-13 08:00:00,SYNTHETIC_farm,3076.0,3158.0,16.0,79.0,20.335,3519.7
2026-09-13 08:30:00,SYNTHETIC_farm,3085.0,3151.0,17.1,73.5,20.501,2670.5
2026-09-13 09:00:00,SYNTHETIC_farm,3087.0,3149.0,18.1,68.0,20.71,5397.3
2026-09-13 09:30:00,SYNTHETIC_farm,3074.0,3139.0,19.1,62.5,20.967,4298.1
2026-09-13 10:00:00,SYNTHETIC_farm,3082.0,3145.0,20.1,57.0,21.272,5485.7
2026-09-13 10:30:00,SYNTHETIC_farm,3076.0,3147.0,20.8,54.0,21.571,3169.6
2026-09-13 11:00:00,SYNTHETIC_farm,3113.0,3141.0,21.6,51.0,21.862,7679.4
2026-09-13 11:30:00,SYNTHETIC_farm,3085.0,3162.0,22.2,49.0,22.105,4661.0
2026-09-13 12:00:00,SYNTHETIC_farm,3104.0,3168.0,22.8,47.0,22.301,3703.3
2026-09-13 12:30:00,SYNTHETIC_farm,3083.0,3146.0,23.4,45.0,22.485,5462.9
2026-09-13 13:00:00,SYNTHETIC_farm,3086.0,3156.0,24.0,43.0,22.655,3872.1
2026-09-13 13:30:00,SYNTHETIC_farm,3066.0,3142.0,24.5,41.0,22.812,3801.7
2026-09-13 14:00:00,SYNTHETIC_farm,3080.0,3152.0,25.0,39.0,22.955,5459.1
2026-09-13 14:30:00,SYNTHETIC_farm,3089.0,3149.0,25.4,38.0,23.088,4135.0
2026-09-13 15:00:00,SYNTHETIC_farm,3107.0,3164.0,25.8,37.0,23.21,5391.1
