date,day_air_tmp_avg,day_air_tmp_max,day_air_tmp_min,day_dew_pnt,day_asce_eto,day_precip,day_rel_hum_avg,day_rel_hum_max,day_rel_hum_min,day_wind_spd_avg
2023-11-01,50.4,74.2,31.7,40.5,0.09,0.0,69,99,30,1.84
2023-11-02,54.7,77.0,37.7,43.5,0.09,0.0,66,98,29,1.85
2023-11-03,56.4,79.8,38.8,46.4,0.09,0.0,69,98,31,1.93
2023-11-04,60.0,80.7,45.1,49.0,0.1,0.0,67,97,34,2.62
2023-11-05,61.4,75.3,47.8,55.1,0.07,0.13,79,98,46,2.34
2023-11-06,60.5,69.8,47.0,56.3,0.05,0.06,86,99,62,3.08
2023-11-07,51.4,65.8,38.8,46.4,0.08,0.0,83,100,52,3.36
2023-11-08,46.9,67.2,31.6,39.8,0.08,0.0,76,99,36,2.26
2023-11-09,46.4,67.0,30.7,39.5,0.07,0.0,77,100,41,2.04
2023-11-10,46.7,67.8,32.3,39.7,0.08,0.0,76,100,40,2.19
2023-11-11,48.7,70.8,33.8,40.7,0.08,0.0,74,100,38,1.98
2023-11-12,51.1,73.1,34.8,42.1,0.09,0.0,71,99,34,2.7
2023-11-13,51.4,73.7,35.0,43.6,0.08,0.0,75,100,36,2.39
2023-11-14,50.8,74.4,33.8,40.2,0.1,0.0,67,99,30,2.88
2023-11-15,47.4,58.9,32.2,44.7,0.02,0.04,90,100,65,2.5
2023-11-16,56.9,71.1,44.7,52.6,0.06,0.03,85,99,58,2.17
2023-11-17,55.9,68.1,41.6,51.1,0.05,0.01,84,100,60,2.8
2023-11-18,59.4,65.5,52.3,54.2,0.05,0.41,83,98,67,7.26
2023-11-19,49.4,61.4,36.9,40.9,0.09,0.0,72,99,46,6.14
2023-11-20,45.0,63.4,29.3,38.6,0.07,0.0,78,98,49,2.51
2023-11-21,45.9,66.8,30.9,39.6,0.06,0.0,79,100,43,1.76
2023-11-22,46.8,66.3,30.2,40.4,0.07,0.0,78,100,41,1.89
2023-11-23,49.1,66.0,34.2,40.6,0.08,0.0,73,100,45,3.05
2023-11-24,42.5,59.2,29.3,30.9,0.08,0.0,63,97,33,3.75
2023-11-25,39.0,61.2,24.2,31.6,0.06,0.0,74,98,38,2.09
2023-11-26,39.2,61.4,24.6,32.7,0.06,0.0,77,98,42,1.75
2023-11-27,40.7,63.5,23.6,33.2,0.07,0.0,74,98,39,1.9
2023-11-28,42.3,66.0,25.5,32.7,0.07,0.0,69,99,31,1.78
2023-11-29,44.2,62.5,29.8,35.7,0.06,0.0,72,97,40,2.22
2023-11-30,48.5,62.8,31.5,40.8,0.07,0.0,75,98,44,3.59
2023-12-01,45.7,60.4,29.3,38.1,0.06,0.04,75,99,44,2.44
2023-12-02,53.1,61.7,48.3,49.5,0.04,0.09,88,99,68,2.92
2023-12-03,53.3,64.9,42.2,48.4,0.05,0.0,83,99,59,1.81
2023-12-04,48.4,64.3,38.4,45.4,0.05,0.0,89,100,65,1.75
2023-12-05,48.4,67.9,34.1,44.4,0.05,0.0,86,100,55,1.67
2023-12-06,51.2,62.9,37.6,46.8,0.03,0.09,85,99,67,3.48
2023-12-07,46.7,62.5,33.7,42.6,0.05,0.0,85,100,53,2.3
2023-12-08,41.5,56.1,29.1,37.7,0.05,0.0,86,100,56,5.19
2023-12-09,39.0,57.5,24.5,33.7,0.05,0.0,81,99,47,2.02
2023-12-10,39.6,57.9,27.2,35.9,0.04,0.0,87,100,59,1.87
2023-12-11,39.6,60.7,25.3,34.3,0.05,0.0,81,100,45,1.99
2023-12-12,40.4,60.6,26.2,35.6,0.05,0.0,83,99,52,2.13
2023-12-13,41.7,63.6,27.5,36.1,0.05,0.0,80,99,46,1.67
2023-12-14,42.1,59.0,28.4,36.4,0.05,0.0,80,100,52,1.97
2023-12-15,41.4,63.9,29.8,35.2,0.05,0.0,78,100,41,1.57
2023-12-16,43.4,67.3,26.3,34.2,0.06,0.0,70,99,31,2.2
2023-12-17,46.2,63.1,33.0,40.1,0.04,0.09,79,99,36,3.25
2023-12-18,51.9,58.8,43.5,49.1,0.03,0.39,90,99,80,6.07
2023-12-19,59.1,65.0,56.1,56.1,0.03,0.27,90,98,78,7.25
2023-12-20,56.2,65.8,51.7,53.2,0.02,0.23,90,98,73,4.78
2023-12-21,52.7,63.9,43.4,50.9,0.03,0.02,94,100,77,2.82
2023-12-22,51.4,64.1,40.7,49.0,0.05,0.0,92,100,65,3.93
2023-12-23,46.5,60.9,35.0,42.9,0.04,0.0,87,100,56,1.89
2023-12-24,41.3,57.4,30.2,40.5,0.03,0.0,97,100,71,2.0
2023-12-25,45.7,58.8,34.9,43.7,0.03,0.0,93,100,65,1.81
2023-12-26,47.8,61.0,37.3,45.1,0.03,0.0,90,100,67,2.1
2023-12-27,50.1,63.6,34.5,46.5,0.04,0.2,87,100,53,4.32
2023-12-28,53.2,66.1,44.9,49.3,0.05,0.01,87,100,63,2.95
2023-12-29,57.1,66.7,46.1,49.1,0.07,0.31,75,99,56,5.38
2023-12-30,52.8,61.7,44.5,50.3,0.03,0.4,91,100,70,2.58
2023-12-31,50.9,57.9,44.5,48.7,0.02,0.0,92,100,76,2.58
2024-01-01,46.4,56.3,40.1,45.0,0.03,0.0,95,100,74,2.86
2024-01-02,47.2,53.3,42.3,45.7,0.02,0.78,94,100,82,6.48
2024-01-03,45.3,53.4,33.4,43.3,0.03,0.06,93,100,75,3.21
2024-01-04,43.8,56.0,32.5,41.0,0.04,0.0,90,100,63,3.68
2024-01-05,45.5,57.5,34.1,41.2,0.06,0.0,85,99,63,4.06
2024-01-06,43.9,48.2,31.6,41.7,0.01,0.13,92,100,81,5.6
2024-01-07,38.3,52.3,28.7,34.1,0.05,0.0,85,100,50,4.97
2024-01-08,37.7,53.4,24.1,31.8,0.05,0.0,79,98,46,2.33
2024-01-09,45.6,51.7,36.3,39.8,0.03,0.0,80,97,63,4.74
2024-01-10,44.2,50.5,34.8,42.6,0.01,0.06,94,100,83,5.64
2024-01-11,38.6,53.8,27.5,30.4,0.06,0.0,72,97,40,3.49
2024-01-12,40.3,51.8,26.6,34.5,0.04,0.0,80,98,55,2.52
2024-01-13,44.4,47.9,42.4,40.8,0.01,0.41,87,97,77,6.41
2024-01-14,50.4,60.4,44.6,47.6,0.05,0.01,90,100,69,5.26
2024-01-15,48.7,55.0,40.8,46.5,0.03,0.0,92,100,77,2.53
2024-01-16,49.2,53.1,45.7,47.8,0.02,0.35,95,100,85,3.57
2024-01-17,50.8,62.4,38.4,48.0,0.05,0.01,90,100,64,3.87
2024-01-18,45.7,56.9,35.0,44.3,0.03,0.0,95,100,78,2.15
2024-01-19,51.5,59.4,40.3,49.0,0.03,0.07,91,100,79,3.75
2024-01-20,56.1,63.6,52.1,51.8,0.04,0.34,85,98,71,7.53
2024-01-21,56.1,62.4,52.1,51.4,0.05,0.37,84,96,69,8.08
2024-01-22,54.3,57.4,51.4,52.4,0.02,1.2,93,99,85,5.4
2024-01-23,53.6,61.2,47.2,51.9,0.03,0.0,94,100,77,3.65
2024-01-24,52.9,56.1,48.7,52.2,0.01,0.37,97,100,94,6.14
2024-01-25,50.6,60.5,40.9,47.7,0.06,0.0,90,100,68,3.27
2024-01-26,51.2,60.0,43.9,48.5,0.04,0.0,91,100,72,2.23
2024-01-27,52.3,62.7,43.3,49.4,0.04,0.0,90,100,71,2.25
2024-01-28,52.1,64.5,42.4,49.4,0.04,0.0,91,100,71,2.13
2024-01-29,54.2,75.2,40.0,49.6,0.08,0.0,84,100,53,2.15
2024-01-30,56.6,71.7,43.9,51.4,0.08,0.0,83,100,55,3.57
2024-01-31,58.0,61.7,51.9,47.0,0.03,0.19,67,90,51,7.39
2024-02-01,52.4,62.5,46.7,48.3,0.05,0.54,86,99,59,4.0
2024-02-02,48.6,58.0,39.7,45.1,0.04,0.31,88,99,65,3.67
2024-02-03,47.8,54.7,39.8,43.3,0.04,0.04,84,100,66,2.69
2024-02-04,53.7,60.9,47.7,48.6,0.05,0.47,83,95,69,13.88
2024-02-05,53.0,58.0,46.7,49.0,0.04,0.06,86,99,73,6.48
2024-02-06,48.5,56.9,38.1,46.3,0.04,0.01,92,100,72,3.3
2024-02-07,44.3,50.6,38.1,42.2,0.01,0.39,92,100,80,4.99
2024-02-08,44.8,52.5,34.2,41.7,0.04,0.0,89,100,70,2.66
2024-02-09,41.1,54.5,29.9,37.7,0.07,0.0,88,100,65,3.32
2024-02-10,42.7,57.7,29.5,37.1,0.08,0.0,81,100,52,2.7
2024-02-11,44.8,60.6,31.4,39.8,0.08,0.0,83,100,56,2.38
2024-02-12,44.0,61.6,30.5,39.5,0.08,0.0,84,100,55,2.12
2024-02-13,44.9,60.0,32.2,41.8,0.06,0.0,89,100,63,1.96
2024-02-14,50.8,59.8,42.0,47.0,0.05,0.13,86,100,65,5.48
2024-02-15,52.3,63.8,42.0,46.9,0.08,0.01,82,99,52,3.1
2024-02-16,49.2,58.9,41.6,46.5,0.04,0.0,90,100,74,2.56
2024-02-17,52.6,57.3,44.7,48.9,0.02,0.15,87,99,76,7.4
2024-02-18,58.1,67.8,49.0,50.9,0.11,0.33,77,98,57,9.61
2024-02-19,58.7,67.2,52.5,50.6,0.09,0.43,75,98,49,9.63
2024-02-20,53.7,64.3,46.0,48.2,0.07,0.07,81,98,59,4.88
2024-02-21,51.4,62.5,40.0,46.6,0.08,0.0,84,100,53,2.84
2024-02-22,47.8,62.8,34.9,43.8,0.09,0.0,86,100,55,2.6
2024-02-23,46.9,64.0,32.5,42.7,0.08,0.0,85,100,56,2.37
2024-02-24,51.4,69.6,37.4,45.0,0.1,0.0,79,100,48,2.24
2024-02-25,52.6,69.5,36.0,46.3,0.11,0.0,79,100,56,2.9
2024-02-26,53.1,64.3,42.0,48.6,0.07,0.0,85,98,66,3.57
2024-02-27,46.4,62.3,32.8,38.6,0.11,0.0,74,100,36,4.32
2024-02-28,49.7,67.7,32.6,41.0,0.11,0.0,72,100,39,2.46
2024-02-29,50.8,63.2,37.1,46.2,0.06,0.14,84,100,62,5.96
2024-03-01,53.2,60.8,48.6,48.6,0.06,0.93,84,99,62,7.85
2024-03-02,47.9,54.3,39.0,42.0,0.06,0.36,80,95,61,7.34
2024-03-03,46.4,55.2,40.0,43.0,0.06,0.22,88,98,66,5.25
2024-03-04,47.2,58.0,36.6,40.9,0.07,0.0,79,99,53,2.06
2024-03-05,50.6,61.3,39.2,43.4,0.08,0.0,76,97,56,4.45
2024-03-06,51.0,64.4,40.4,45.5,0.09,0.0,81,99,56,2.73
2024-03-07,49.2,62.2,37.0,44.4,0.1,0.0,84,100,56,3.8
2024-03-08,49.6,66.5,33.0,44.0,0.11,0.0,81,100,53,3.03
2024-03-09,50.3,62.9,36.5,44.5,0.09,0.0,80,100,59,3.1
2024-03-10,51.7,64.0,39.8,45.3,0.1,0.0,78,100,51,2.9
2024-03-11,53.5,63.3,46.4,46.8,0.09,0.0,78,96,62,3.61
2024-03-12,51.9,62.3,42.3,48.1,0.05,0.06,87,96,64,3.96
2024-03-13,50.0,64.7,35.5,40.8,0.13,0.0,71,100,38,6.99
2024-03-14,54.3,68.3,35.3,33.5,0.19,0.0,45,89,28,8.39
2024-03-15,60.7,74.7,49.5,38.4,0.19,0.0,43,72,27,7.18
2024-03-16,55.3,70.2,36.5,44.4,0.15,0.0,67,98,42,3.44
2024-03-17,54.6,72.5,37.3,46.5,0.14,0.0,74,100,48,2.5
2024-03-18,55.7,73.1,40.2,49.0,0.14,0.0,78,100,52,2.7
2024-03-19,56.0,73.7,39.8,47.8,0.15,0.0,74,100,44,3.35
2024-03-20,55.1,73.9,35.7,42.9,0.16,0.0,63,98,37,3.49
2024-03-21,54.3,70.9,38.1,48.1,0.13,0.0,79,99,56,3.11
2024-03-22,57.3,70.7,43.3,48.4,0.12,0.38,72,97,47,4.81
2024-03-23,50.9,59.7,43.6,46.5,0.07,0.25,85,99,62,3.91
2024-03-24,52.2,64.0,42.4,45.8,0.11,0.06,79,97,49,4.93
2024-03-25,50.6,64.5,38.0,44.8,0.1,0.0,80,100,54,3.32
2024-03-26,51.7,66.5,38.4,46.2,0.13,0.0,81,100,58,3.07
2024-03-27,51.7,61.8,37.4,47.8,0.06,0.11,87,100,65,3.28
2024-03-28,52.6,62.9,41.7,44.9,0.11,0.06,75,99,48,3.49
2024-03-29,48.6,56.7,41.7,45.1,0.04,0.52,87,99,60,5.54
2024-03-30,52.3,62.2,39.1,45.6,0.11,0.02,78,99,57,4.98
2024-03-31,52.5,66.1,39.1,45.1,0.12,0.0,76,99,52,3.39
2024-04-01,53.5,70.3,35.4,45.8,0.15,0.0,75,100,44,2.78
2024-04-02,59.1,75.3,41.3,48.4,0.17,0.0,68,99,41,3.67
2024-04-03,55.9,72.5,40.4,48.7,0.15,0.0,77,100,49,4.97
2024-04-04,43.8,53.6,36.0,39.0,0.04,0.89,83,97,60,4.61
2024-04-05,43.4,55.1,37.7,39.5,0.06,0.26,86,98,62,3.46
2024-04-06,47.5,61.4,35.0,39.4,0.13,0.0,73,99,43,3.31
2024-04-07,49.1,63.1,34.2,41.0,0.14,0.0,74,100,42,4.21
2024-04-08,52.8,70.9,34.3,41.8,0.16,0.0,66,100,34,4.33
2024-04-09,58.2,76.0,39.5,47.1,0.17,0.0,66,97,38,2.7
2024-04-10,60.7,77.1,42.3,52.2,0.17,0.0,74,99,47,2.62
2024-04-11,64.2,83.1,45.2,54.7,0.19,0.0,71,100,46,2.48
2024-04-12,58.1,72.4,45.7,49.6,0.17,0.0,73,99,48,4.61
2024-04-13,47.5,57.5,41.8,44.5,0.01,0.98,89,97,70,5.51
2024-04-14,50.6,60.2,41.7,45.5,0.08,0.02,82,95,64,3.27
2024-04-15,53.1,67.0,37.3,47.9,0.13,0.0,83,100,59,3.1
2024-04-16,58.1,74.2,41.4,51.7,0.17,0.0,79,100,54,2.46
2024-04-17,60.7,76.0,47.0,55.1,0.15,0.0,82,100,58,2.49
2024-04-18,62.8,79.9,46.2,55.8,0.17,0.0,78,100,53,2.53
2024-04-19,61.1,76.9,46.1,53.7,0.18,0.0,76,98,53,4.04
2024-04-20,60.0,77.7,43.9,50.7,0.19,0.0,71,100,43,3.54
2024-04-21,63.7,81.9,43.2,55.0,0.2,0.0,73,100,50,2.99
2024-04-22,65.1,84.7,46.7,54.7,0.21,0.0,69,100,40,3.47
2024-04-23,58.0,69.2,49.0,50.4,0.14,0.0,76,94,60,4.45
2024-04-24,58.1,68.0,46.0,49.0,0.12,0.0,71,93,56,3.74
2024-04-25,58.1,70.2,45.9,50.7,0.16,0.0,76,99,56,4.12
2024-04-26,57.0,69.7,47.1,50.2,0.13,0.04,78,97,55,5.5
2024-04-27,56.4,72.6,41.3,48.6,0.18,0.0,75,100,46,3.85
2024-04-28,58.1,75.6,40.1,49.4,0.19,0.0,73,100,45,3.98
2024-04-29,58.0,75.5,40.7,46.2,0.21,0.0,65,100,29,5.15
2024-04-30,57.5,76.0,37.9,43.0,0.22,0.0,58,100,26,4.6
2024-05-01,58.3,78.9,36.9,38.5,0.25,0.01,48,98,16,5.92
2024-05-02,61.3,81.5,37.6,48.6,0.23,0.0,63,100,37,4.94
2024-05-03,62.7,80.3,44.7,47.7,0.22,0.0,58,99,25,4.27
2024-05-04,50.0,56.7,42.5,47.3,0.02,0.73,90,98,73,4.28
2024-05-05,51.5,65.5,40.6,42.1,0.16,0.0,70,97,36,3.34
2024-05-06,53.7,70.8,33.3,44.3,0.19,0.0,70,100,40,3.38
2024-05-07,56.4,73.4,38.1,46.3,0.2,0.0,69,100,36,4.17
2024-05-08,61.1,78.8,38.2,40.2,0.27,0.0,46,98,24,7.14
2024-05-09,63.0,85.2,39.6,48.4,0.22,0.0,59,99,27,2.47
2024-05-10,66.8,89.1,43.3,51.7,0.25,0.0,58,100,26,3.49
2024-05-11,67.7,90.1,45.6,53.6,0.25,0.0,61,100,30,3.24
2024-05-12,67.0,88.4,47.2,52.8,0.24,0.0,60,99,30,3.43
2024-05-13,65.1,85.5,47.6,49.5,0.24,0.0,57,90,26,4.83
2024-05-14,66.0,88.4,43.9,52.2,0.24,0.0,61,99,34,4.41
2024-05-15,68.8,86.8,52.3,54.5,0.24,0.0,60,87,42,5.59
2024-05-16,64.6,81.0,51.1,54.2,0.22,0.0,69,95,48,4.01
2024-05-17,63.7,80.6,50.0,54.6,0.21,0.0,72,96,48,4.9
2024-05-18,62.9,79.6,49.5,54.5,0.21,0.0,74,96,51,4.48
2024-05-19,61.4,80.5,46.0,50.7,0.21,0.0,68,97,36,3.5
2024-05-20,61.7,81.4,39.7,45.2,0.25,0.0,55,99,18,4.59
2024-05-21,64.7,85.9,40.0,44.7,0.25,0.0,48,100,19,3.65
2024-05-22,64.7,84.4,42.4,50.8,0.24,0.0,61,98,31,3.38
2024-05-23,63.7,83.2,44.7,47.0,0.25,0.0,55,100,27,4.05
2024-05-24,58.6,73.9,43.3,47.7,0.21,0.0,67,98,44,4.47
2024-05-25,59.8,73.9,43.0,49.7,0.2,0.0,69,97,49,4.93
2024-05-26,61.7,81.6,38.2,49.9,0.23,0.0,65,100,37,3.82
2024-05-27,65.1,85.3,43.2,51.4,0.24,0.0,61,100,35,3.46
2024-05-28,63.8,84.4,44.1,51.9,0.24,0.0,65,99,34,3.75
2024-05-29,66.6,85.9,46.6,50.1,0.26,0.0,55,97,28,4.76
2024-05-30,67.6,89.1,44.6,51.6,0.26,0.0,57,99,25,3.47
2024-05-31,70.8,92.6,50.3,54.4,0.27,0.0,56,100,27,3.49
2024-06-01,66.2,84.3,46.6,53.7,0.24,0.0,64,100,39,3.79
2025-11-01,57.1,77.7,41.7,51.7,0.10,0.00,82,100,49,2.13
2025-11-02,56.5,77.6,39.4,51.3,0.10,0.00,83,100,46,2.08
2025-11-03,57.0,75.4,44.4,49.8,0.10,0.00,77,99,33,2.49
2025-11-04,57.7,75.9,42.2,51.7,0.09,0.00,80,100,47,2.48
2025-11-05,57.4,63.5,49.2,53.1,0.05,0.07,86,99,73,6.49
2025-11-06,56.1,70.3,43.2,52.3,0.08,0.00,87,100,59,2.75
2025-11-07,56.9,72.2,44.7,53.0,0.08,0.00,87,100,59,3.40
2025-11-08,55.7,75.9,43.2,52.3,0.08,0.00,88,100,56,2.04
2025-11-09,57.4,77.5,42.6,53.1,0.09,0.00,86,100,55,1.77
2025-11-10,57.4,81.1,42.1,52.8,0.08,0.00,84,100,49,1.65
2025-11-11,57.0,76.2,42.2,53.6,0.06,0.00,88,100,59,2.10
2025-11-12,58.7,70.7,46.4,54.0,0.06,0.06,84,100,59,2.46
2025-11-13,59.8,65.5,55.8,57.0,0.01,1.55,90,100,74,5.47
2025-11-14,56.1,64.2,47.6,54.3,0.03,0.02,94,100,75,2.24
2025-11-15,54.4,62.1,47.6,53.1,0.03,0.75,95,100,79,4.80
2025-11-16,55.9,58.4,53.4,54.1,0.02,1.13,93,100,84,7.21
2025-11-17,53.0,57.4,48.3,50.5,0.02,0.80,91,98,83,6.63
2025-11-18,49.7,60.4,38.5,46.1,0.05,0.00,87,100,65,2.36
2025-11-19,52.3,60.0,47.6,48.9,0.04,0.00,88,98,66,2.19
2025-11-20,50.9,55.3,46.0,49.7,0.02,0.17,96,100,86,2.62
2025-11-21,49.1,58.5,42.0,47.6,0.03,0.01,95,100,74,2.79
2025-11-22,47.2,62.2,34.6,44.9,0.06,0.00,92,100,69,2.13
2025-11-23,47.4,60.1,35.4,46.1,0.05,0.00,95,100,77,2.52
2025-11-24,50.1,53.7,46.6,49.6,0.00,0.00,98,100,93,3.34
2025-11-25,49.8,57.2,42.1,47.2,0.03,0.00,91,100,75,2.05
2025-11-26,46.9,53.9,35.3,44.7,0.02,0.00,92,100,79,1.91
2025-11-27,48.5,51.9,45.7,46.1,0.01,0.00,91,100,84,2.50
2025-11-28,47.2,49.7,46.0,45.1,0.01,0.00,92,98,87,2.56
2025-11-29,47.3,50.2,45.5,44.2,0.01,0.00,89,97,82,2.67
2025-11-30,46.1,47.2,45.5,43.9,0.00,0.00,92,95,89,2.43
2025-12-01,45.2,55.4,34.2,42.7,0.03,0.00,91,100,72,1.88
2025-12-02,42.7,46.7,35.0,42.4,0.01,0.00,98,100,93,3.16
2025-12-03,46.0,53.9,41.3,43.4,0.04,0.00,90,100,72,4.74
2025-12-04,42.7,51.4,32.0,40.0,0.03,0.00,90,100,78,3.42
2025-12-05,41.7,44.5,32.6,40.6,0.00,0.00,96,100,91,3.00
2025-12-06,42.7,44.5,41.2,41.4,0.00,0.00,95,98,91,2.71
2025-12-07,43.1,45.3,41.2,41.9,0.00,0.00,95,98,91,2.23
2025-12-08,43.5,45.8,42.2,41.9,0.00,0.00,94,100,88,2.65
2025-12-09,43.1,44.5,41.8,41.9,0.00,0.00,95,100,93,2.03
2025-12-10,42.5,44.3,40.8,41.1,0.00,0.00,95,99,90,3.17
2025-12-11,41.6,44.0,39.9,41.3,0.00,0.00,99,100,95,2.46
2025-12-12,40.8,44.0,39.1,40.6,0.00,0.00,99,100,94,2.79
2025-12-13,40.5,43.7,38.1,40.4,0.01,0.01,100,100,97,2.34
2025-12-14,40.7,42.9,38.8,40.6,0.01,0.00,100,100,97,2.58
2025-12-15,41.2,43.2,39.4,41.1,0.00,0.00,100,100,98,2.54
2025-12-16,43.3,47.5,41.0,42.6,0.01,0.00,98,100,92,3.81
2025-12-17,51.2,66.8,43.9,48.4,0.04,0.00,90,100,65,5.23
2025-12-18,51.4,56.5,45.4,50.3,0.02,0.00,96,100,84,3.78
2025-12-19,52.8,55.5,50.4,51.2,0.01,0.00,94,100,88,5.29
2025-12-20,55.8,60.6,51.6,51.9,0.02,0.01,87,95,79,5.33
2025-12-21,59.9,62.1,57.2,53.8,0.02,0.02,80,83,77,7.37
2025-12-22,58.1,67.3,51.0,54.7,0.03,0.29,88,100,69,4.06
2025-12-23,56.9,64.4,48.0,52.8,0.03,0.01,86,100,68,4.62
2025-12-24,58.1,65.2,54.1,54.0,0.02,0.79,86,100,62,9.67
2025-12-25,57.1,61.6,53.3,52.0,0.05,0.34,83,93,68,13.30
2025-12-26,53.8,61.6,45.5,46.9,0.06,0.02,77,98,56,6.21
2025-12-27,46.4,53.3,35.7,44.6,0.04,0.00,94,100,81,3.19
2025-12-28,41.7,56.1,33.9,39.0,0.04,0.00,90,100,62,2.24
2025-12-29,41.5,52.0,34.0,40.8,0.02,0.01,97,100,78,3.00
2025-12-30,40.8,45.2,33.7,40.9,0.01,0.00,100,100,100,3.55
2025-12-31,46.2,51.9,41.6,45.8,0.00,0.18,98,100,90,2.71
2026-01-01,55.5,63.5,48.2,53.1,0.04,0.67,92,100,78,6.39
2026-01-02,56.9,61.6,49.1,50.4,0.05,0.04,79,96,65,6.67
2026-01-03,56.7,64.1,53.1,54.1,0.03,0.07,91,98,82,7.62
2026-01-04,52.4,55.3,49.1,51.4,0.00,1.01,96,100,86,5.32
2026-01-05,53.9,61.0,49.9,49.1,0.04,0.16,84,97,65,7.34
2026-01-06,52.3,64.2,39.0,48.1,0.06,0.01,85,100,65,2.91
2026-01-07,49.0,59.8,39.1,45.3,0.05,0.00,87,100,70,3.48
2026-01-08,45.7,55.5,32.5,37.0,0.07,0.00,71,95,48,7.34
2026-01-09,39.1,55.6,27.5,34.6,0.05,0.00,84,100,57,2.43
2026-01-10,40.1,57.7,26.9,37.6,0.05,0.00,91,100,64,2.11
2026-01-11,40.6,59.8,28.8,37.6,0.05,0.00,89,100,59,1.58
2026-01-12,42.7,61.0,29.1,39.9,0.06,0.00,90,100,63,2.13
2026-01-13,43.7,61.9,29.8,41.4,0.06,0.00,91,100,67,1.98
2026-01-14,44.7,62.6,32.0,43.0,0.06,0.00,94,100,70,1.76
2026-01-15,45.8,63.7,31.5,44.0,0.06,0.00,94,100,68,2.15
2026-01-16,45.1,63.6,31.6,44.1,0.05,0.00,96,100,71,2.25
2026-01-17,41.3,58.3,30.9,41.3,0.04,0.00,100,100,80,1.78
2026-01-18,43.2,57.3,34.8,42.6,0.04,0.00,98,100,77,1.96
2026-01-19,44.2,47.6,39.3,44.2,0.01,0.01,100,100,100,3.16
2026-01-20,43.7,46.4,41.7,43.6,0.01,0.00,100,100,96,2.56
2026-01-21,45.2,50.2,42.6,44.7,0.01,0.00,98,100,90,3.12
2026-01-22,46.6,62.5,38.0,44.9,0.03,0.00,94,100,65,2.62
2026-01-23,43.9,47.5,34.3,44.0,0.00,0.01,100,100,100,2.44
2026-01-24,45.0,53.9,41.6,43.4,0.03,0.00,94,100,75,4.20
2026-01-25,45.2,51.9,33.7,42.2,0.03,0.00,89,100,75,2.98
2026-01-26,43.9,60.4,33.4,41.1,0.06,0.00,90,100,64,1.86
2026-01-27,46.1,62.6,31.4,42.9,0.06,0.00,88,100,59,2.70
2026-01-28,49.8,62.1,37.3,46.9,0.07,0.00,89,100,71,4.76
2026-01-29,46.3,63.2,34.9,44.5,0.06,0.00,93,100,69,2.13
2026-01-30,47.2,63.2,34.7,45.0,0.06,0.00,92,100,70,2.12
2026-01-31,47.6,63.5,37.8,46.6,0.05,0.00,96,100,76,2.34
2026-02-01,48.2,65.4,34.8,46.1,0.06,0.00,92,100,67,3.15
2026-02-02,46.2,65.4,31.7,44.0,0.06,0.00,92,100,57,2.28
2026-02-03,48.9,66.3,35.0,46.4,0.07,0.00,91,100,67,2.63
2026-02-04,48.9,69.5,34.2,45.6,0.08,0.00,88,100,58,2.00
2026-02-05,49.4,67.4,33.1,46.8,0.08,0.00,91,100,67,2.44
2026-02-06,53.2,70.3,41.1,49.4,0.07,0.00,87,100,58,2.74
2026-02-07,49.4,68.4,34.8,46.3,0.07,0.00,89,100,57,2.53
2026-02-08,52.9,72.4,36.7,47.2,0.09,0.00,81,100,43,2.61
2026-02-09,53.3,61.0,43.6,47.4,0.07,0.00,80,100,59,4.78
2026-02-10,52.8,61.1,41.2,50.2,0.03,0.25,91,100,73,4.10
2026-02-11,55.2,60.5,47.1,50.1,0.04,0.17,83,96,69,7.55
2026-02-12,49.5,63.8,35.5,45.6,0.08,0.00,86,100,61,3.57
2026-02-13,48.1,64.7,35.2,44.9,0.08,0.00,88,100,63,2.54
2026-02-14,51.7,63.9,36.3,47.0,0.07,0.00,84,100,60,3.94
2026-02-15,56.3,65.1,46.7,46.5,0.09,0.09,70,98,52,6.28
2026-02-16,48.7,52.5,44.3,47.9,0.00,1.95,97,100,91,4.98
2026-02-17,44.5,47.2,38.3,42.5,0.00,1.00,93,97,90,7.24
2026-02-18,42.0,49.1,33.4,38.0,0.05,0.02,86,98,69,6.70
2026-02-19,44.6,54.4,34.8,38.6,0.06,0.37,79,97,55,9.03
2026-02-20,41.1,54.0,28.6,36.3,0.06,0.00,83,100,61,2.35
2026-02-21,45.1,62.3,30.8,37.7,0.09,0.00,75,100,45,3.96
2026-02-22,49.2,69.0,33.5,40.9,0.11,0.00,73,99,42,2.97
2026-02-23,53.1,69.6,35.7,44.7,0.09,0.00,73,100,43,2.54
2026-02-24,58.9,67.4,53.3,52.6,0.04,0.04,79,96,60,3.81
2026-02-25,60.3,70.9,49.4,,0.07,0.00,,100,70,2.99
2026-02-26,58.0,72.9,49.0,54.2,0.10,0.00,87,100,54,3.75
2026-02-27,59.7,75.1,45.6,,0.11,0.00,,100,63,2.55
2026-02-28,63.8,78.8,51.4,,0.11,0.00,,100,59,2.58
2026-03-01,57.6,70.7,46.4,53.0,0.08,0.00,85,100,57,2.77
2026-03-02,54.5,67.0,42.9,49.8,0.10,0.00,84,100,62,2.93
2026-03-03,53.5,70.8,39.4,49.6,0.10,0.00,86,100,57,2.14
2026-03-04,53.8,66.4,41.8,47.6,0.11,0.00,79,100,56,4.80
2026-03-05,51.1,66.3,35.0,39.6,0.14,0.00,65,96,41,7.41
2026-03-06,50.2,71.9,32.9,40.4,0.12,0.00,69,98,39,3.60
2026-03-07,52.2,70.3,32.0,43.9,0.11,0.00,73,100,44,2.65
2026-03-08,57.6,79.7,39.7,48.3,0.13,0.00,71,98,44,2.26
2026-03-09,57.0,75.7,39.0,50.8,0.13,0.00,80,100,53,2.52
2026-03-10,54.3,69.7,38.9,47.8,0.12,0.00,79,100,60,3.64
2026-03-11,53.4,73.6,35.5,45.1,0.14,0.00,73,100,43,3.34
2026-03-12,55.7,77.6,36.8,47.8,0.14,0.00,75,100,47,2.21
2026-03-13,56.1,75.9,38.5,50.0,0.12,0.00,80,100,53,2.29
2026-03-14,57.3,75.9,39.4,50.6,0.14,0.00,78,100,51,3.76
2026-03-15,57.9,77.3,38.8,48.7,0.14,0.00,72,100,39,2.70
2026-03-16,61.9,83.8,41.8,52.2,0.15,0.00,71,100,37,2.11
2026-03-17,65.9,88.2,45.9,,0.16,0.00,,100,44,1.85
2026-03-18,67.5,89.4,47.5,,0.16,0.00,,100,45,1.97
2026-03-19,66.1,87.3,48.0,57.2,0.18,0.00,73,100,39,2.94
2026-03-20,67.5,90.5,46.0,,0.17,0.00,,100,44,2.07
2026-03-21,66.0,82.5,51.2,,0.14,0.00,,100,50,3.02
2026-03-22,62.4,82.8,44.1,52.3,0.16,0.00,69,100,41,3.05
2026-03-23,63.4,84.5,43.3,48.6,0.18,0.00,58,99,33,3.14
2026-03-24,63.0,85.2,42.2,47.8,0.19,0.00,58,97,30,3.54
2026-03-25,61.6,79.9,40.2,49.3,0.18,0.00,64,93,38,4.10
2026-03-26,59.3,78.0,43.0,47.2,0.17,0.00,64,94,39,5.09
2026-03-27,58.2,80.3,39.5,48.8,0.14,0.00,71,100,42,2.11
2026-03-28,61.7,84.3,39.4,49.7,0.19,0.00,65,100,32,2.96
2026-03-29,62.5,87.8,38.5,49.8,0.19,0.00,63,100,26,3.07
2026-03-30,63.8,81.4,46.3,50.9,0.12,0.00,63,96,39,2.24
2026-03-31,59.2,67.4,55.1,55.2,0.03,0.61,87,98,70,3.76
2026-04-01,58.6,66.5,53.9,53.7,0.05,0.04,84,97,71,4.28
2026-04-02,54.1,65.6,38.1,43.3,0.16,0.01,67,99,36,5.95
2026-04-03,52.4,74.8,31.3,41.5,0.16,0.00,66,100,32,2.44
2026-04-04,58.8,81.7,38.2,47.9,0.18,0.00,67,100,31,2.25
2026-04-05,60.3,85.2,39.4,49.4,0.17,0.00,67,100,29,2.08
2026-04-06,58.9,80.2,41.0,49.0,0.19,0.00,69,100,33,3.91
2026-04-07,57.4,76.2,38.8,47.7,0.17,0.00,70,100,33,3.97
2026-04-08,62.6,82.2,41.0,52.3,0.19,0.00,69,100,40,3.84
2026-04-09,62.6,78.0,48.2,55.4,0.13,0.43,77,100,49,2.73
2026-04-10,57.9,66.2,50.7,55.6,0.06,0.26,92,100,74,2.65
2026-04-11,57.3,67.6,49.3,52.9,0.09,0.50,85,100,63,5.79
2026-04-12,53.6,61.4,49.8,49.2,0.08,0.12,85,95,64,5.69
2026-04-13,53.9,65.7,42.8,48.6,0.11,0.02,82,100,55,4.38
2026-04-14,54.1,69.9,38.9,47.5,0.16,0.00,78,100,52,3.42
2026-04-15,54.1,71.1,35.7,47.0,0.16,0.00,77,100,47,2.88
2026-04-16,54.6,70.0,35.6,42.1,0.18,0.00,63,100,27,6.40
2026-04-17,52.2,73.8,30.2,39.1,0.18,0.00,61,100,27,2.63
2026-04-18,57.2,78.8,35.0,46.1,0.18,0.00,66,100,29,1.87
2026-04-19,60.3,80.9,40.6,46.9,0.19,0.00,61,100,35,2.80
2026-04-20,58.1,76.6,36.7,46.1,0.15,0.02,64,97,34,5.11
2026-04-21,52.8,63.0,42.9,51.5,0.04,1.49,95,100,79,3.78
2026-04-22,52.8,66.3,40.4,47.6,0.11,0.02,82,100,58,3.08
2026-04-23,54.8,71.9,36.4,48.3,0.17,0.00,79,100,47,3.59
2026-04-24,56.9,71.6,42.6,49.3,0.17,0.00,76,100,50,3.48
2026-04-25,54.6,63.8,42.7,48.3,0.10,0.00,79,97,62,3.54
2026-04-26,54.3,63.5,49.2,49.0,0.06,0.00,82,97,61,3.28
2026-04-27,55.7,69.1,40.6,47.0,0.16,0.00,72,100,45,3.00
2026-04-28,56.5,73.0,38.2,48.7,0.18,0.00,75,100,48,3.27
2026-04-29,60.4,79.0,40.2,50.1,0.20,0.00,69,100,41,3.81
2026-04-30,62.0,81.3,41.7,52.1,0.21,0.00,70,100,45,3.60
2026-05-01,62.9,81.5,44.1,54.4,0.19,0.00,74,100,49,2.93
2026-05-02,59.4,72.9,47.6,52.8,0.15,0.00,79,100,59,4.64
2026-05-03,58.2,70.9,50.4,50.4,0.15,0.00,75,94,56,4.56
2026-05-04,56.0,61.5,50.9,51.0,0.04,0.13,83,98,68,2.56
2026-05-05,56.1,66.5,47.5,52.9,0.07,0.03,89,100,71,2.66
2026-05-06,62.7,76.1,48.6,55.6,0.18,0.00,78,100,55,3.13
2026-05-07,64.3,82.4,47.1,57.0,0.20,0.00,77,100,53,3.72
2026-05-08,63.2,82.6,44.7,54.6,0.21,0.00,74,100,50,4.40
2026-05-09,66.4,88.2,45.7,56.3,0.23,0.00,70,100,40,3.70
2026-05-10,66.3,87.6,46.3,56.7,0.22,0.00,71,100,43,2.94
2026-05-11,70.2,93.7,45.7,56.5,0.24,0.00,62,100,31,3.41
2026-05-12,69.1,89.8,52.6,53.3,0.25,0.00,57,92,30,4.92
2026-05-13,63.2,80.7,45.0,51.7,0.22,0.00,66,100,39,3.95
2026-05-14,65.7,88.9,42.5,50.8,0.26,0.00,58,100,26,4.26
2026-05-15,66.4,87.9,43.2,49.5,0.27,0.00,54,100,19,4.92
2026-05-16,65.7,81.9,47.2,45.9,0.27,0.00,49,91,23,6.95
2026-05-17,64.2,77.9,43.2,39.3,0.28,0.00,40,93,24,9.12
2026-05-18,68.4,84.7,44.9,36.5,0.32,0.00,31,79,19,7.95
2026-05-19,63.3,87.0,35.6,45.0,0.24,0.00,51,99,17,2.54
2026-05-20,67.2,89.5,42.7,50.0,0.23,0.00,54,98,21,2.60
2026-05-21,70.3,92.4,48.0,51.5,0.27,0.00,51,99,22,3.72
2026-05-22,66.6,89.4,44.2,50.4,0.26,0.00,56,100,24,4.14
2026-05-23,63.9,82.4,50.4,52.4,0.23,0.00,66,97,40,5.51
2026-05-24,62.7,79.8,50.6,51.5,0.22,0.00,67,96,39,6.51
2026-05-25,59.1,74.5,44.1,50.5,0.20,0.00,73,99,51,5.69
2026-05-26,57.3,68.4,44.5,48.3,0.15,0.00,72,97,50,4.63
2026-05-27,60.4,74.9,43.3,49.2,0.19,0.00,67,99,40,3.54
2026-05-28,58.1,67.8,50.7,52.5,0.11,0.19,82,98,59,3.36
2026-05-29,61.4,72.6,53.9,54.4,0.14,0.05,78,97,52,3.66
2026-05-30,64.5,80.6,48.5,52.8,0.23,0.00,66,100,36,4.26
2026-05-31,66.7,86.7,43.8,52.0,0.25,0.00,59,100,27,3.71
2026-06-01,70.9,91.0,47.5,53.2,0.27,0.00,53,100,24,3.57
2026-06-02,68.8,90.0,47.2,54.5,0.26,0.00,60,96,31,4.61
2026-06-03,68.3,89.5,46.5,53.8,0.26,0.00,60,100,33,4.28
2026-06-04,70.5,91.4,51.9,57.0,0.26,0.00,62,99,31,3.82
2026-06-05,72.0,92.6,51.8,57.9,0.27,0.00,61,98,34,4.00
2026-06-06,64.8,80.4,44.9,49.8,0.23,0.00,58,100,33,4.20
2026-06-07,63.3,84.6,40.5,50.1,0.24,0.00,62,100,31,3.90
2026-06-08,64.6,81.7,46.0,52.7,0.21,0.00,65,100,35,4.86
2026-06-09,69.1,84.0,56.5,57.9,0.23,0.00,68,98,40,4.90
2026-06-10,72.0,93.5,47.4,54.2,0.29,0.00,54,100,22,4.73
2026-06-11,75.2,97.8,51.6,57.7,0.27,0.00,55,100,28,2.78
2026-06-12,76.5,97.9,55.1,59.0,0.30,0.00,55,97,29,4.33
2026-06-13,75.4,97.9,53.5,58.3,0.29,0.00,55,99,32,4.46
2026-06-14,73.0,93.6,57.3,57.9,0.27,0.00,59,90,35,5.40
2026-06-15,72.8,92.0,57.6,59.2,0.26,0.00,62,90,41,5.14
2026-06-16,71.9,89.8,57.8,58.3,0.25,0.00,62,88,42,5.32
2026-06-17,69.7,87.1,56.9,59.6,0.24,0.00,70,95,48,6.06
2026-06-18,67.6,83.4,56.3,58.1,0.23,0.00,71,95,51,6.21
2026-06-19,65.9,79.4,56.1,56.0,0.22,0.00,70,93,52,5.93
2026-06-20,66.9,81.9,53.9,55.3,0.24,0.00,66,93,44,5.95
2026-06-21,68.6,87.8,48.8,56.2,0.25,0.00,65,96,33,4.60
2026-06-22,68.9,89.3,51.5,56.7,0.25,0.00,65,96,40,4.59
2026-06-23,69.5,90.4,51.8,55.0,0.26,0.00,60,95,30,4.95
2026-06-24,68.2,88.4,49.8,53.7,0.26,0.00,60,95,27,5.05
2026-06-25,66.9,85.1,52.3,56.7,0.23,0.00,70,96,46,5.10
2026-06-26,64.9,80.1,51.2,56.6,0.18,0.00,75,95,57,4.04
2026-06-27,64.7,78.3,49.2,53.8,0.22,0.00,68,97,41,4.08
2026-06-28,66.4,84.1,46.0,49.0,0.27,0.00,53,99,19,5.36
2026-06-29,69.0,87.5,48.0,52.1,0.26,0.00,55,96,27,4.14
2026-06-30,69.7,89.7,49.7,54.7,0.26,0.00,59,97,31,4.09
2026-07-01,67.6,85.1,48.7,55.0,0.24,0.00,64,96,40,4.52
2026-07-02,66.9,83.7,52.0,56.1,0.19,0.00,68,94,45,4.28
2026-07-03,70.6,90.3,52.4,56.5,0.25,0.00,61,94,30,4.44
2026-07-04,72.7,92.4,52.8,55.7,0.27,0.00,55,95,32,4.38
2026-07-05,71.2,89.6,55.3,55.5,0.25,0.00,58,88,33,4.90
2026-07-06,68.1,87.6,52.8,54.0,0.25,0.00,61,95,29,5.62
2026-07-07,65.4,82.6,49.8,54.5,0.24,0.00,68,97,45,5.45
2026-07-08,67.0,87.5,46.9,55.4,0.24,0.00,66,99,38,4.61
2026-07-09,71.6,94.0,48.7,57.9,0.26,0.00,62,96,31,4.22
2026-07-10,71.1,92.9,51.4,57.6,0.26,0.00,62,98,36,3.74
2026-07-11,71.7,92.0,51.5,54.7,0.26,0.00,55,97,31,4.15
2026-07-12,71.8,84.4,61.7,62.8,0.09,0.00,73,96,52,2.34
2026-07-13,75.3,92.4,61.9,63.0,0.16,0.00,66,93,35,2.88
2026-07-14,80.7,100.3,61.6,58.3,0.31,0.00,46,94,24,4.44
2026-07-15,78.4,99.4,57.4,55.6,0.32,0.00,46,88,21,4.84
2026-07-16,71.0,92.0,50.8,54.2,0.28,0.00,55,97,30,4.51
2026-07-17,69.7,91.2,45.8,52.3,0.27,0.00,54,99,26,4.56
2026-07-18,70.9,90.8,54.9,53.9,0.25,0.00,55,90,22,4.96
2026-07-19,73.8,94.3,56.7,55.4,0.26,0.00,53,86,29,4.83
2026-07-20,74.9,93.2,59.6,54.5,0.26,0.00,49,81,23,4.93
2026-07-21,80.0,98.7,61.5,57.7,0.28,0.00,46,87,24,3.62
2026-07-22,72.7,86.4,60.0,62.1,0.24,0.00,69,92,46,6.17
2026-07-23,71.4,90.0,55.1,59.1,0.25,0.00,65,96,38,5.51
2026-07-24,70.6,92.6,49.6,54.5,0.27,0.00,57,98,20,4.81
2026-07-25,71.2,91.8,49.0,55.4,0.27,0.00,58,100,29,4.71
2026-07-26,70.2,90.1,50.1,56.7,0.26,0.00,62,99,34,4.10
2026-07-27,68.7,90.8,46.6,55.1,0.26,0.00,62,100,29,4.64
2026-07-28,70.3,92.8,46.9,56.6,0.25,0.00,62,100,32,3.91
2026-07-29,72.6,93.8,50.8,59.3,0.26,0.00,63,99,34,3.53
2026-07-30,72.3,93.2,51.4,55.1,0.27,0.00,55,99,27,3.75
2026-07-31,73.0,96.2,48.7,56.3,0.27,0.00,56,95,27,3.89
2026-08-01,74.6,98.4,51.7,59.6,0.26,0.00,60,98,24,3.59
2026-08-02,76.7,100.0,56.2,61.2,0.26,0.00,59,99,27,2.96
2026-08-03,77.9,101.9,54.4,60.3,0.27,0.00,55,100,23,3.62
2026-08-04,75.5,96.6,56.7,59.0,0.27,0.00,56,98,28,4.16
2026-08-05,73.6,94.3,56.9,55.6,0.26,0.00,53,92,22,5.45
2026-08-06,73.9,95.8,55.5,55.5,0.27,0.00,52,92,22,5.51
2026-08-07,75.1,96.7,58.0,56.7,0.26,0.00,53,83,29,4.65
2026-08-08,75.8,95.0,60.8,59.3,0.25,0.00,56,88,32,4.16
2026-08-09,76.4,99.2,55.6,60.9,0.25,0.00,59,96,29,3.47
2026-08-10,74.5,94.8,56.7,57.6,0.25,0.00,56,96,30,3.97
2026-08-11,72.6,92.4,56.3,56.0,0.24,0.00,56,89,33,4.36
2026-08-12,71.3,89.8,55.6,55.6,0.23,0.00,58,88,35,4.83
2026-08-13,68.3,84.3,55.8,57.6,0.21,0.00,69,94,47,4.83
2026-08-14,66.4,82.2,52.9,57.4,0.20,0.00,73,97,50,4.44
2026-08-15,67.5,84.2,54.4,57.8,0.20,0.00,71,97,43,4.69
2026-08-16,72.2,91.4,52.5,59.0,0.22,0.00,63,96,37,4.55
2026-08-17,72.5,91.3,57.3,57.0,0.21,0.00,58,86,34,4.24
2026-08-18,71.6,92.6,51.3,57.9,0.22,0.00,62,94,34,4.15
2026-08-19,73.1,95.2,53.4,58.2,0.23,0.00,60,96,29,3.53
2026-08-20,71.3,92.4,55.1,57.0,0.22,0.00,61,90,30,4.28
2026-08-21,71.0,91.3,53.1,56.3,0.23,0.00,60,96,32,5.00
2026-08-22,72.2,92.6,56.2,55.9,0.23,0.00,56,92,25,4.03
2026-08-23,73.9,96.1,53.9,58.0,0.21,0.00,58,97,26,2.84
2026-08-24,74.4,93.7,58.7,56.9,0.23,0.00,54,86,27,3.69
2026-08-25,73.0,94.3,55.7,55.8,0.22,0.00,55,94,24,4.05
2026-08-26,74.5,95.8,56.2,53.7,0.24,0.00,48,90,19,3.64
2026-08-27,73.7,89.5,56.0,60.5,0.17,0.00,63,94,37,2.87
2026-08-28,70.3,88.2,56.9,56.3,0.14,0.03,61,89,28,3.08
2026-08-29,68.6,88.8,50.9,53.9,0.22,0.00,60,98,31,3.12
2026-08-30,66.9,86.7,45.0,54.1,0.20,0.00,64,99,35,3.81
2026-08-31,62.7,79.2,47.2,54.0,0.17,0.00,73,97,49,4.16
2026-09-01,62.1,76.2,47.9,51.9,0.16,0.00,69,98,46,3.89
2026-09-02,64.9,80.4,47.4,54.6,0.18,0.00,69,98,45,3.53
2026-09-03,66.2,81.5,52.3,58.0,0.15,0.00,75,98,53,4.49
2026-09-04,66.3,77.5,53.1,54.5,0.16,0.00,66,91,39,3.49
2026-09-05,63.7,82.2,44.8,52.1,0.17,0.00,66,99,39,3.37
2026-09-06,64.1,83.1,45.3,50.4,0.19,0.00,61,96,34,3.00
2026-09-07,65.6,89.4,45.3,52.3,0.19,0.00,62,98,28,2.88
2026-09-08,71.1,95.6,47.9,55.5,0.21,0.00,58,98,26,2.70
2026-09-09,75.4,98.5,55.6,58.6,0.22,0.00,56,96,21,3.17
2026-09-10,78.3,100.1,59.6,57.1,0.25,0.00,48,92,23,4.16
2026-09-11,69.6,90.6,49.2,54.9,0.20,0.00,59,97,29,3.09
2026-09-12,68.7,88.3,51.3,55.4,0.20,0.00,63,98,36,3.79
2026-09-13,,,,,0.18,,,,,
